data,chuva_media
4/1/1972,6.895
4/2/1972,8.152
4/3/1972,0.288
4/4/1972,0.134
4/5/1972,0.666
4/6/1972,1.195
4/7/1972,0.000
4/8/1972,0.496
4/9/1972,0.671
4/10/1972,1.023
4/11/1972,0.700
4/12/1972,2.635
4/13/1972,4.360
4/14/1972,7.454
4/15/1972,1.222
4/16/1972,0.552
4/17/1972,1.790
4/18/1972,14.285
4/19/1972,10.547
4/20/1972,5.017
4/21/1972,1.327
4/22/1972,2.224
4/23/1972,2.262
4/24/1972,3.698
4/25/1972,8.034
4/26/1972,2.511
4/27/1972,4.514
4/28/1972,3.309
4/29/1972,1.483
4/30/1972,5.594
5/1/1972,0.220
5/2/1972,1.089
5/3/1972,0.395
5/4/1972,0.433
5/5/1972,0.310
5/6/1972,0.175
5/7/1972,2.039
5/8/1972,9.651
5/9/1972,1.100
5/10/1972,1.020
5/11/1972,1.201
5/12/1972,0.190
5/13/1972,0.360
5/14/1972,0.776
5/15/1972,0.846
5/16/1972,0.476
5/17/1972,0.162
5/18/1972,0.411
5/19/1972,0.272
5/20/1972,2.248
5/21/1972,3.709
5/22/1972,0.980
5/23/1972,2.613
5/24/1972,15.695
5/25/1972,1.344
5/26/1972,0.235
5/27/1972,0.065
5/28/1972,0.328
5/29/1972,1.616
5/30/1972,1.531
5/31/1972,5.179
6/1/1972,7.828
6/2/1972,6.539
6/3/1972,1.790
6/4/1972,2.199
6/5/1972,9.909
6/6/1972,2.699
6/7/1972,2.185
6/8/1972,0.906
6/9/1972,1.206
6/10/1972,0.287
6/11/1972,0.341
6/12/1972,1.886
6/13/1972,1.445
6/14/1972,1.459
6/15/1972,0.669
6/16/1972,0.000
6/17/1972,0.048
6/18/1972,0.089
6/19/1972,0.633
6/20/1972,1.032
6/21/1972,2.278
6/22/1972,0.771
6/23/1972,0.162
6/24/1972,0.450
6/25/1972,2.698
6/26/1972,1.187
6/27/1972,0.011
6/28/1972,0.276
6/29/1972,0.486
6/30/1972,0.256
7/1/1972,0.165
7/2/1972,0.321
7/3/1972,0.032
7/4/1972,0.006
7/5/1972,0.113
7/6/1972,0.590
7/7/1972,9.920
7/8/1972,8.988
7/9/1972,1.744
7/10/1972,0.188
7/11/1972,0.000
7/12/1972,0.004
7/13/1972,0.235
7/14/1972,0.005
7/15/1972,0.009
7/16/1972,0.060
7/17/1972,0.000
7/18/1972,0.000
7/19/1972,2.695
7/20/1972,0.000
7/21/1972,0.000
7/22/1972,0.072
7/23/1972,0.000
7/24/1972,0.000
7/25/1972,0.000
7/26/1972,0.000
7/27/1972,0.000
7/28/1972,0.000
7/29/1972,0.000
7/30/1972,0.002
7/31/1972,0.017
8/1/1972,0.076
8/2/1972,0.005
8/3/1972,0.000
8/4/1972,0.000
8/5/1972,0.478
8/6/1972,0.083
8/7/1972,0.203
8/8/1972,1.708
8/9/1972,1.329
8/10/1972,0.156
8/11/1972,0.000
8/12/1972,2.798
8/13/1972,0.450
8/14/1972,1.071
8/15/1972,2.557
8/16/1972,3.800
8/17/1972,0.000
8/18/1972,0.474
8/19/1972,0.155
8/20/1972,8.574
8/21/1972,6.995
8/22/1972,4.598
8/23/1972,0.717
8/24/1972,0.629
8/25/1972,0.000
8/26/1972,2.599
8/27/1972,8.482
8/28/1972,6.842
8/29/1972,0.675
8/30/1972,0.214
8/31/1972,0.007
9/1/1972,0.008
9/2/1972,0.000
9/3/1972,0.000
9/4/1972,0.240
9/5/1972,0.000
9/6/1972,0.000
9/7/1972,0.035
9/8/1972,0.197
9/9/1972,0.080
9/10/1972,0.053
9/11/1972,0.000
9/12/1972,0.000
9/13/1972,0.044
9/14/1972,0.285
9/15/1972,0.086
9/16/1972,0.034
9/17/1972,0.067
9/18/1972,0.005
9/19/1972,0.000
9/20/1972,0.058
9/21/1972,0.000
9/22/1972,0.003
9/23/1972,0.000
9/24/1972,0.037
9/25/1972,0.006
9/26/1972,0.000
9/27/1972,0.164
9/28/1972,0.000
9/29/1972,0.246
9/30/1972,0.008
10/1/1972,0.221
10/2/1972,0.061
10/3/1972,0.024
10/4/1972,0.000
10/5/1972,0.000
10/6/1972,0.017
10/7/1972,0.000
10/8/1972,0.000
10/9/1972,0.000
10/10/1972,0.000
10/11/1972,0.000
10/12/1972,0.000
10/13/1972,0.017
10/14/1972,0.000
10/15/1972,0.000
10/16/1972,0.000
10/17/1972,0.000
10/18/1972,0.008
10/19/1972,0.674
10/20/1972,0.098
10/21/1972,0.028
10/22/1972,0.370
10/23/1972,0.350
10/24/1972,0.396
10/25/1972,0.084
10/26/1972,0.000
10/27/1972,0.000
10/28/1972,0.000
10/29/1972,0.752
10/30/1972,2.759
10/31/1972,1.060
11/1/1972,0.015
11/2/1972,0.261
11/3/1972,0.000
11/4/1972,0.000
11/5/1972,0.000
11/6/1972,0.000
11/7/1972,0.000
11/8/1972,0.000
11/9/1972,0.428
11/10/1972,0.000
11/11/1972,0.000
11/12/1972,0.000
11/13/1972,0.000
11/14/1972,0.000
11/15/1972,0.000
11/16/1972,0.000
11/17/1972,0.000
11/18/1972,0.000
11/19/1972,0.132
11/20/1972,0.160
11/21/1972,0.000
11/22/1972,0.000
11/23/1972,0.000
11/24/1972,0.115
11/25/1972,0.036
11/26/1972,0.000
11/27/1972,0.000
11/28/1972,0.000
11/29/1972,0.000
11/30/1972,0.000
12/1/1972,0.020
12/2/1972,0.028
12/3/1972,0.124
12/4/1972,0.000
12/5/1972,0.000
12/6/1972,0.000
12/7/1972,0.073
12/8/1972,0.559
12/9/1972,0.080
12/10/1972,0.000
12/11/1972,0.000
12/12/1972,0.000
12/13/1972,0.000
12/14/1972,0.456
12/15/1972,6.460
12/16/1972,1.780
12/17/1972,0.078
12/18/1972,0.423
12/19/1972,1.790
12/20/1972,17.369
12/21/1972,16.520
12/22/1972,9.421
12/23/1972,1.747
12/24/1972,1.236
12/25/1972,2.347
12/26/1972,0.633
12/27/1972,0.020
12/28/1972,1.295
12/29/1972,9.617
12/30/1972,5.019
12/31/1972,0.678
1/1/1973,0.000
1/2/1973,0.192
1/3/1973,1.745
1/4/1973,5.255
1/5/1973,1.848
1/6/1973,0.008
1/7/1973,1.435
1/8/1973,2.513
1/9/1973,3.603
1/10/1973,2.507
1/11/1973,2.159
1/12/1973,1.953
1/13/1973,3.972
1/14/1973,2.688
1/15/1973,10.069
1/16/1973,2.986
1/17/1973,1.847
1/18/1973,0.335
1/19/1973,1.242
1/20/1973,1.143
1/21/1973,0.601
1/22/1973,0.494
1/23/1973,0.007
1/24/1973,0.160
1/25/1973,1.652
1/26/1973,2.325
1/27/1973,1.632
1/28/1973,6.988
1/29/1973,0.378
1/30/1973,0.399
1/31/1973,0.160
2/1/1973,0.000
2/2/1973,0.022
2/3/1973,0.000
2/4/1973,0.000
2/5/1973,0.010
2/6/1973,0.000
2/7/1973,0.000
2/8/1973,0.042
2/9/1973,0.197
2/10/1973,0.301
2/11/1973,0.130
2/12/1973,0.236
2/13/1973,1.011
2/14/1973,0.000
2/15/1973,0.000
2/16/1973,0.105
2/17/1973,0.564
2/18/1973,1.267
2/19/1973,4.793
2/20/1973,5.678
2/21/1973,0.017
2/22/1973,0.000
2/23/1973,3.146
2/24/1973,2.875
2/25/1973,14.763
2/26/1973,8.623
2/27/1973,1.678
2/28/1973,1.145
3/1/1973,0.009
3/2/1973,1.798
3/3/1973,2.653
3/4/1973,10.628
3/5/1973,3.945
3/6/1973,2.040
3/7/1973,2.429
3/8/1973,0.949
3/9/1973,1.693
3/10/1973,3.537
3/11/1973,4.235
3/12/1973,27.686
3/13/1973,2.261
3/14/1973,0.909
3/15/1973,3.681
3/16/1973,5.277
3/17/1973,1.585
3/18/1973,0.132
3/19/1973,0.596
3/20/1973,0.229
3/21/1973,2.038
3/22/1973,6.225
3/23/1973,7.345
3/24/1973,9.380
3/25/1973,2.601
3/26/1973,3.027
3/27/1973,6.330
3/28/1973,2.048
3/29/1973,5.260
3/30/1973,1.745
3/31/1973,1.002
4/1/1973,0.302
4/2/1973,0.506
4/3/1973,0.794
4/4/1973,0.656
4/5/1973,3.337
4/6/1973,17.953
4/7/1973,9.436
4/8/1973,2.375
4/9/1973,11.244
4/10/1973,16.870
4/11/1973,7.387
4/12/1973,7.929
4/13/1973,25.918
4/14/1973,25.513
4/15/1973,15.498
4/16/1973,20.730
4/17/1973,8.067
4/18/1973,7.225
4/19/1973,4.470
4/20/1973,0.961
4/21/1973,0.319
4/22/1973,1.066
4/23/1973,2.805
4/24/1973,1.670
4/25/1973,2.071
4/26/1973,4.455
4/27/1973,5.780
4/28/1973,11.222
4/29/1973,6.938
4/30/1973,5.748
5/1/1973,6.233
5/2/1973,4.564
5/3/1973,0.308
5/4/1973,0.221
5/5/1973,2.769
5/6/1973,5.350
5/7/1973,4.238
5/8/1973,1.566
5/9/1973,6.118
5/10/1973,15.468
5/11/1973,8.669
5/12/1973,2.921
5/13/1973,1.185
5/14/1973,1.137
5/15/1973,0.354
5/16/1973,0.039
5/17/1973,2.118
5/18/1973,0.180
5/19/1973,0.856
5/20/1973,0.619
5/21/1973,0.867
5/22/1973,0.145
5/23/1973,0.195
5/24/1973,0.726
5/25/1973,0.302
5/26/1973,0.312
5/27/1973,0.147
5/28/1973,4.710
5/29/1973,1.680
5/30/1973,0.912
5/31/1973,2.797
6/1/1973,0.460
6/2/1973,0.333
6/3/1973,1.026
6/4/1973,4.204
6/5/1973,1.406
6/6/1973,1.328
6/7/1973,0.346
6/8/1973,0.822
6/9/1973,0.295
6/10/1973,1.110
6/11/1973,9.393
6/12/1973,0.427
6/13/1973,0.126
6/14/1973,2.141
6/15/1973,2.748
6/16/1973,1.079
6/17/1973,0.494
6/18/1973,1.298
6/19/1973,0.496
6/20/1973,0.609
6/21/1973,1.142
6/22/1973,1.107
6/23/1973,0.163
6/24/1973,0.000
6/25/1973,1.645
6/26/1973,9.915
6/27/1973,3.608
6/28/1973,0.689
6/29/1973,0.155
6/30/1973,0.040
7/1/1973,0.123
7/2/1973,0.013
7/3/1973,0.005
7/4/1973,0.000
7/5/1973,0.797
7/6/1973,3.975
7/7/1973,0.555
7/8/1973,0.117
7/9/1973,0.609
7/10/1973,0.507
7/11/1973,0.457
7/12/1973,0.372
7/13/1973,1.247
7/14/1973,0.370
7/15/1973,0.640
7/16/1973,0.982
7/17/1973,0.200
7/18/1973,0.322
7/19/1973,0.086
7/20/1973,0.051
7/21/1973,0.610
7/22/1973,1.183
7/23/1973,0.903
7/24/1973,1.933
7/25/1973,3.973
7/26/1973,1.322
7/27/1973,0.192
7/28/1973,0.336
7/29/1973,0.000
7/30/1973,0.242
7/31/1973,0.030
8/1/1973,0.000
8/2/1973,0.037
8/3/1973,1.269
8/4/1973,1.001
8/5/1973,1.634
8/6/1973,1.078
8/7/1973,0.078
8/8/1973,0.334
8/9/1973,0.000
8/10/1973,0.000
8/11/1973,0.000
8/12/1973,0.000
8/13/1973,0.049
8/14/1973,0.000
8/15/1973,0.396
8/16/1973,0.134
8/17/1973,0.000
8/18/1973,0.129
8/19/1973,1.860
8/20/1973,0.586
8/21/1973,0.001
8/22/1973,0.041
8/23/1973,0.000
8/24/1973,0.000
8/25/1973,0.000
8/26/1973,0.000
8/27/1973,0.120
8/28/1973,0.000
8/29/1973,0.000
8/30/1973,0.000
8/31/1973,0.000
9/1/1973,0.000
9/2/1973,0.146
9/3/1973,0.006
9/4/1973,0.018
9/5/1973,0.000
9/6/1973,0.000
9/7/1973,0.156
9/8/1973,0.570
9/9/1973,0.555
9/10/1973,0.216
9/11/1973,10.675
9/12/1973,3.402
9/13/1973,0.711
9/14/1973,1.734
9/15/1973,0.000
9/16/1973,0.110
9/17/1973,0.000
9/18/1973,0.048
9/19/1973,0.000
9/20/1973,0.059
9/21/1973,0.000
9/22/1973,0.000
9/23/1973,0.102
9/24/1973,0.141
9/25/1973,0.000
9/26/1973,0.000
9/27/1973,0.000
9/28/1973,0.000
9/29/1973,0.000
9/30/1973,1.874
10/1/1973,7.882
10/2/1973,9.401
10/3/1973,11.243
10/4/1973,0.554
10/5/1973,0.086
10/6/1973,0.107
10/7/1973,0.000
10/8/1973,0.165
10/9/1973,0.000
10/10/1973,0.000
10/11/1973,0.000
10/12/1973,0.000
10/13/1973,0.000
10/14/1973,0.098
10/15/1973,0.000
10/16/1973,0.281
10/17/1973,0.590
10/18/1973,0.038
10/19/1973,0.215
10/20/1973,0.000
10/21/1973,0.000
10/22/1973,0.000
10/23/1973,0.209
10/24/1973,0.052
10/25/1973,0.000
10/26/1973,0.094
10/27/1973,0.000
10/28/1973,0.037
10/29/1973,0.000
10/30/1973,0.000
10/31/1973,0.000
11/1/1973,0.000
11/2/1973,0.002
11/3/1973,0.000
11/4/1973,0.000
11/5/1973,0.000
11/6/1973,0.000
11/7/1973,0.000
11/8/1973,0.260
11/9/1973,0.000
11/10/1973,0.000
11/11/1973,0.000
11/12/1973,0.000
11/13/1973,0.000
11/14/1973,0.000
11/15/1973,0.100
11/16/1973,0.000
11/17/1973,0.000
11/18/1973,0.000
11/19/1973,0.140
11/20/1973,0.000
11/21/1973,0.000
11/22/1973,0.091
11/23/1973,0.417
11/24/1973,0.388
11/25/1973,0.930
11/26/1973,0.088
11/27/1973,0.000
11/28/1973,0.385
11/29/1973,0.113
11/30/1973,0.231
12/1/1973,0.000
12/2/1973,0.000
12/3/1973,0.009
12/4/1973,0.000
12/5/1973,0.000
12/6/1973,0.138
12/7/1973,0.052
12/8/1973,0.302
12/9/1973,0.057
12/10/1973,0.322
12/11/1973,0.580
12/12/1973,0.759
12/13/1973,2.343
12/14/1973,0.486
12/15/1973,1.443
12/16/1973,0.175
12/17/1973,0.132
12/18/1973,0.117
12/19/1973,0.106
12/20/1973,0.668
12/21/1973,0.386
12/22/1973,1.154
12/23/1973,1.200
12/24/1973,0.409
12/25/1973,0.133
12/26/1973,0.506
12/27/1973,1.478
12/28/1973,4.341
12/29/1973,4.281
12/30/1973,0.580
12/31/1973,0.295
1/1/1974,0.000
1/2/1974,0.000
1/3/1974,0.070
1/4/1974,0.236
1/5/1974,0.000
1/6/1974,0.682
1/7/1974,0.000
1/8/1974,0.362
1/9/1974,1.553
1/10/1974,0.400
1/11/1974,0.842
1/12/1974,2.441
1/13/1974,2.423
1/14/1974,0.953
1/15/1974,2.255
1/16/1974,3.000
1/17/1974,2.259
1/18/1974,6.894
1/19/1974,13.108
1/20/1974,31.528
1/21/1974,23.923
1/22/1974,17.152
1/23/1974,4.401
1/24/1974,3.876
1/25/1974,1.379
1/26/1974,0.892
1/27/1974,1.854
1/28/1974,3.622
1/29/1974,3.657
1/30/1974,30.530
1/31/1974,0.958
2/1/1974,0.927
2/2/1974,1.782
2/3/1974,2.594
2/4/1974,11.209
2/5/1974,22.613
2/6/1974,17.317
2/7/1974,12.910
2/8/1974,7.455
2/9/1974,3.006
2/10/1974,0.858
2/11/1974,2.005
2/12/1974,2.580
2/13/1974,10.732
2/14/1974,10.113
2/15/1974,3.277
2/16/1974,1.707
2/17/1974,1.490
2/18/1974,5.309
2/19/1974,6.472
2/20/1974,2.463
2/21/1974,2.813
2/22/1974,2.211
2/23/1974,9.473
2/24/1974,23.486
2/25/1974,16.297
2/26/1974,11.500
2/27/1974,13.626
2/28/1974,20.003
3/1/1974,16.033
3/2/1974,8.183
3/3/1974,7.898
3/4/1974,9.356
3/5/1974,7.353
3/6/1974,9.066
3/7/1974,6.501
3/8/1974,3.892
3/9/1974,11.811
3/10/1974,9.089
3/11/1974,3.284
3/12/1974,8.661
3/13/1974,18.537
3/14/1974,7.326
3/15/1974,11.467
3/16/1974,4.925
3/17/1974,2.724
3/18/1974,2.689
3/19/1974,4.800
3/20/1974,3.677
3/21/1974,13.297
3/22/1974,28.186
3/23/1974,16.107
3/24/1974,16.641
3/25/1974,14.709
3/26/1974,4.157
3/27/1974,2.751
3/28/1974,6.550
3/29/1974,2.170
3/30/1974,1.657
3/31/1974,2.033
4/1/1974,3.713
4/2/1974,4.919
4/3/1974,8.508
4/4/1974,13.398
4/5/1974,9.926
4/6/1974,8.275
4/7/1974,13.111
4/8/1974,5.398
4/9/1974,4.970
4/10/1974,7.849
4/11/1974,16.940
4/12/1974,13.934
4/13/1974,9.449
4/14/1974,2.339
4/15/1974,3.425
4/16/1974,12.183
4/17/1974,28.140
4/18/1974,13.872
4/19/1974,18.570
4/20/1974,14.649
4/21/1974,17.192
4/22/1974,2.671
4/23/1974,6.381
4/24/1974,6.842
4/25/1974,7.157
4/26/1974,1.942
4/27/1974,3.861
4/28/1974,9.100
4/29/1974,1.341
4/30/1974,1.932
5/1/1974,1.866
5/2/1974,2.704
5/3/1974,2.237
5/4/1974,0.949
5/5/1974,2.482
5/6/1974,3.639
5/7/1974,3.468
5/8/1974,5.552
5/9/1974,4.803
5/10/1974,8.805
5/11/1974,14.085
5/12/1974,4.131
5/13/1974,9.316
5/14/1974,0.922
5/15/1974,1.116
5/16/1974,1.140
5/17/1974,2.965
5/18/1974,3.474
5/19/1974,0.866
5/20/1974,1.270
5/21/1974,1.708
5/22/1974,9.839
5/23/1974,2.535
5/24/1974,3.629
5/25/1974,1.826
5/26/1974,2.221
5/27/1974,0.503
5/28/1974,1.289
5/29/1974,3.960
5/30/1974,3.530
5/31/1974,2.632
6/1/1974,0.370
6/2/1974,0.726
6/3/1974,0.092
6/4/1974,1.525
6/5/1974,0.529
6/6/1974,0.544
6/7/1974,1.403
6/8/1974,3.169
6/9/1974,1.226
6/10/1974,0.665
6/11/1974,1.183
6/12/1974,0.164
6/13/1974,0.801
6/14/1974,0.361
6/15/1974,1.287
6/16/1974,0.673
6/17/1974,2.555
6/18/1974,1.551
6/19/1974,0.663
6/20/1974,1.914
6/21/1974,2.724
6/22/1974,3.805
6/23/1974,1.058
6/24/1974,0.351
6/25/1974,0.108
6/26/1974,0.105
6/27/1974,0.154
6/28/1974,0.884
6/29/1974,1.756
6/30/1974,0.879
7/1/1974,0.362
7/2/1974,0.380
7/3/1974,0.759
7/4/1974,1.178
7/5/1974,0.348
7/6/1974,1.807
7/7/1974,6.668
7/8/1974,3.502
7/9/1974,0.781
7/10/1974,1.493
7/11/1974,0.240
7/12/1974,0.245
7/13/1974,0.289
7/14/1974,1.110
7/15/1974,1.604
7/16/1974,1.345
7/17/1974,0.631
7/18/1974,0.488
7/19/1974,0.013
7/20/1974,0.832
7/21/1974,0.000
7/22/1974,0.067
7/23/1974,0.142
7/24/1974,0.590
7/25/1974,0.002
7/26/1974,0.048
7/27/1974,0.016
7/28/1974,0.000
7/29/1974,0.000
7/30/1974,0.000
7/31/1974,0.000
8/1/1974,0.004
8/2/1974,0.008
8/3/1974,0.031
8/4/1974,0.491
8/5/1974,0.205
8/6/1974,0.266
8/7/1974,0.000
8/8/1974,0.000
8/9/1974,0.000
8/10/1974,0.000
8/11/1974,0.000
8/12/1974,0.000
8/13/1974,0.042
8/14/1974,0.000
8/15/1974,0.250
8/16/1974,0.000
8/17/1974,0.000
8/18/1974,0.000
8/19/1974,0.000
8/20/1974,0.027
8/21/1974,0.000
8/22/1974,0.000
8/23/1974,0.000
8/24/1974,0.372
8/25/1974,0.000
8/26/1974,0.000
8/27/1974,0.185
8/28/1974,0.000
8/29/1974,0.031
8/30/1974,0.000
8/31/1974,0.000
9/1/1974,0.307
9/2/1974,0.889
9/3/1974,0.057
9/4/1974,0.000
9/5/1974,0.000
9/6/1974,0.000
9/7/1974,0.034
9/8/1974,0.147
9/9/1974,0.500
9/10/1974,0.000
9/11/1974,0.015
9/12/1974,0.000
9/13/1974,0.258
9/14/1974,0.294
9/15/1974,0.034
9/16/1974,0.386
9/17/1974,2.068
9/18/1974,0.915
9/19/1974,0.832
9/20/1974,0.000
9/21/1974,0.000
9/22/1974,0.000
9/23/1974,0.242
9/24/1974,0.000
9/25/1974,0.000
9/26/1974,0.000
9/27/1974,0.000
9/28/1974,0.004
9/29/1974,0.100
9/30/1974,0.000
10/1/1974,0.000
10/2/1974,0.000
10/3/1974,0.163
10/4/1974,0.000
10/5/1974,0.000
10/6/1974,0.312
10/7/1974,0.000
10/8/1974,0.000
10/9/1974,1.161
10/10/1974,0.564
10/11/1974,0.756
10/12/1974,0.686
10/13/1974,0.000
10/14/1974,0.020
10/15/1974,0.094
10/16/1974,0.119
10/17/1974,0.000
10/18/1974,0.000
10/19/1974,0.000
10/20/1974,0.000
10/21/1974,0.087
10/22/1974,0.080
10/23/1974,0.832
10/24/1974,0.000
10/25/1974,0.253
10/26/1974,0.089
10/27/1974,0.000
10/28/1974,0.110
10/29/1974,0.147
10/30/1974,0.107
10/31/1974,0.292
11/1/1974,0.049
11/2/1974,0.091
11/3/1974,0.000
11/4/1974,1.560
11/5/1974,1.112
11/6/1974,0.139
11/7/1974,0.830
11/8/1974,11.283
11/9/1974,1.457
11/10/1974,0.743
11/11/1974,5.172
11/12/1974,7.461
11/13/1974,6.721
11/14/1974,4.321
11/15/1974,0.055
11/16/1974,0.357
11/17/1974,0.000
11/18/1974,0.213
11/19/1974,0.237
11/20/1974,0.938
11/21/1974,0.170
11/22/1974,0.114
11/23/1974,3.146
11/24/1974,2.009
11/25/1974,0.440
11/26/1974,0.009
11/27/1974,0.000
11/28/1974,0.225
11/29/1974,1.257
11/30/1974,0.879
12/1/1974,0.899
12/2/1974,2.527
12/3/1974,3.292
12/4/1974,13.776
12/5/1974,13.207
12/6/1974,3.899
12/7/1974,4.262
12/8/1974,0.290
12/9/1974,0.174
12/10/1974,1.614
12/11/1974,0.277
12/12/1974,0.716
12/13/1974,0.674
12/14/1974,1.077
12/15/1974,0.281
12/16/1974,1.339
12/17/1974,1.822
12/18/1974,0.183
12/19/1974,0.634
12/20/1974,0.290
12/21/1974,0.368
12/22/1974,0.252
12/23/1974,0.520
12/24/1974,1.069
12/25/1974,0.189
12/26/1974,0.309
12/27/1974,0.287
12/28/1974,0.000
12/29/1974,0.128
12/30/1974,0.099
12/31/1974,1.364
1/1/1975,0.000
1/2/1975,0.032
1/3/1975,0.118
1/4/1975,0.088
1/5/1975,0.588
1/6/1975,0.495
1/7/1975,1.004
1/8/1975,0.610
1/9/1975,0.033
1/10/1975,0.149
1/11/1975,0.225
1/12/1975,0.000
1/13/1975,0.000
1/14/1975,0.000
1/15/1975,0.163
1/16/1975,0.623
1/17/1975,0.169
1/18/1975,1.365
1/19/1975,4.529
1/20/1975,3.390
1/21/1975,14.201
1/22/1975,8.283
1/23/1975,9.886
1/24/1975,2.663
1/25/1975,0.994
1/26/1975,0.959
1/27/1975,0.757
1/28/1975,1.732
1/29/1975,4.119
1/30/1975,1.977
1/31/1975,0.824
2/1/1975,0.237
2/2/1975,0.946
2/3/1975,0.746
2/4/1975,1.367
2/5/1975,0.831
2/6/1975,10.424
2/7/1975,6.110
2/8/1975,7.504
2/9/1975,9.230
2/10/1975,6.575
2/11/1975,16.673
2/12/1975,2.468
2/13/1975,0.839
2/14/1975,1.220
2/15/1975,2.260
2/16/1975,5.099
2/17/1975,4.138
2/18/1975,3.600
2/19/1975,1.913
2/20/1975,3.420
2/21/1975,1.877
2/22/1975,2.643
2/23/1975,1.878
2/24/1975,4.175
2/25/1975,4.064
2/26/1975,6.295
2/27/1975,8.512
2/28/1975,15.382
3/1/1975,26.445
3/2/1975,34.768
3/3/1975,25.980
3/4/1975,3.523
3/5/1975,10.204
3/6/1975,21.138
3/7/1975,26.088
3/8/1975,5.770
3/9/1975,4.093
3/10/1975,3.512
3/11/1975,0.911
3/12/1975,2.336
3/13/1975,2.078
3/14/1975,0.617
3/15/1975,2.049
3/16/1975,4.418
3/17/1975,3.328
3/18/1975,2.461
3/19/1975,0.185
3/20/1975,0.542
3/21/1975,1.592
3/22/1975,5.955
3/23/1975,3.144
3/24/1975,6.304
3/25/1975,8.688
3/26/1975,3.561
3/27/1975,13.844
3/28/1975,9.716
3/29/1975,7.824
3/30/1975,5.751
3/31/1975,0.118
4/1/1975,0.476
4/2/1975,0.447
4/3/1975,2.275
4/4/1975,1.812
4/5/1975,1.691
4/6/1975,2.531
4/7/1975,1.830
4/8/1975,4.903
4/9/1975,2.556
4/10/1975,8.087
4/11/1975,7.584
4/12/1975,3.761
4/13/1975,2.086
4/14/1975,4.686
4/15/1975,4.225
4/16/1975,10.583
4/17/1975,1.403
4/18/1975,1.310
4/19/1975,0.333
4/20/1975,4.253
4/21/1975,7.715
4/22/1975,11.239
4/23/1975,9.820
4/24/1975,17.614
4/25/1975,19.866
4/26/1975,13.891
4/27/1975,12.463
4/28/1975,19.424
4/29/1975,8.800
4/30/1975,9.429
5/1/1975,9.345
5/2/1975,6.060
5/3/1975,3.777
5/4/1975,7.916
5/5/1975,3.141
5/6/1975,0.589
5/7/1975,1.081
5/8/1975,0.373
5/9/1975,1.273
5/10/1975,2.031
5/11/1975,2.302
5/12/1975,1.329
5/13/1975,1.376
5/14/1975,3.561
5/15/1975,2.199
5/16/1975,2.352
5/17/1975,8.192
5/18/1975,2.507
5/19/1975,3.212
5/20/1975,7.393
5/21/1975,7.651
5/22/1975,0.776
5/23/1975,1.043
5/24/1975,1.108
5/25/1975,2.319
5/26/1975,1.158
5/27/1975,2.067
5/28/1975,1.487
5/29/1975,0.969
5/30/1975,1.366
5/31/1975,0.200
6/1/1975,0.716
6/2/1975,1.835
6/3/1975,0.175
6/4/1975,1.769
6/5/1975,2.929
6/6/1975,0.183
6/7/1975,0.577
6/8/1975,0.741
6/9/1975,0.205
6/10/1975,1.107
6/11/1975,0.400
6/12/1975,0.958
6/13/1975,1.674
6/14/1975,1.572
6/15/1975,2.094
6/16/1975,0.838
6/17/1975,1.170
6/18/1975,2.850
6/19/1975,4.072
6/20/1975,1.157
6/21/1975,2.141
6/22/1975,0.948
6/23/1975,4.080
6/24/1975,4.971
6/25/1975,3.495
6/26/1975,1.468
6/27/1975,1.160
6/28/1975,1.954
6/29/1975,7.352
6/30/1975,0.822
7/1/1975,0.162
7/2/1975,1.379
7/3/1975,2.010
7/4/1975,0.444
7/5/1975,4.374
7/6/1975,6.066
7/7/1975,2.049
7/8/1975,1.200
7/9/1975,1.798
7/10/1975,2.786
7/11/1975,1.049
7/12/1975,1.938
7/13/1975,6.445
7/14/1975,1.443
7/15/1975,2.157
7/16/1975,4.204
7/17/1975,21.021
7/18/1975,11.198
7/19/1975,6.882
7/20/1975,0.977
7/21/1975,1.201
7/22/1975,0.219
7/23/1975,1.116
7/24/1975,0.363
7/25/1975,0.217
7/26/1975,0.165
7/27/1975,0.916
7/28/1975,2.622
7/29/1975,0.335
7/30/1975,1.319
7/31/1975,0.041
8/1/1975,0.183
8/2/1975,0.111
8/3/1975,0.660
8/4/1975,0.149
8/5/1975,0.356
8/6/1975,0.078
8/7/1975,0.017
8/8/1975,0.034
8/9/1975,0.419
8/10/1975,0.276
8/11/1975,0.089
8/12/1975,0.000
8/13/1975,0.000
8/14/1975,0.667
8/15/1975,0.051
8/16/1975,0.730
8/17/1975,0.814
8/18/1975,0.078
8/19/1975,0.004
8/20/1975,0.431
8/21/1975,0.360
8/22/1975,0.219
8/23/1975,0.079
8/24/1975,0.095
8/25/1975,1.346
8/26/1975,0.149
8/27/1975,0.687
8/28/1975,0.880
8/29/1975,0.512
8/30/1975,0.043
8/31/1975,0.058
9/1/1975,0.000
9/2/1975,0.000
9/3/1975,0.012
9/4/1975,0.187
9/5/1975,0.000
9/6/1975,1.382
9/7/1975,2.855
9/8/1975,1.133
9/9/1975,0.027
9/10/1975,0.037
9/11/1975,0.000
9/12/1975,0.148
9/13/1975,0.009
9/14/1975,0.015
9/15/1975,0.003
9/16/1975,0.010
9/17/1975,0.588
9/18/1975,0.113
9/19/1975,0.272
9/20/1975,0.438
9/21/1975,0.097
9/22/1975,0.015
9/23/1975,0.224
9/24/1975,0.962
9/25/1975,0.763
9/26/1975,0.043
9/27/1975,0.013
9/28/1975,0.000
9/29/1975,0.000
9/30/1975,0.000
10/1/1975,0.005
10/2/1975,0.000
10/3/1975,0.000
10/4/1975,0.103
10/5/1975,0.000
10/6/1975,0.067
10/7/1975,0.000
10/8/1975,0.000
10/9/1975,0.000
10/10/1975,0.014
10/11/1975,0.151
10/12/1975,0.001
10/13/1975,0.000
10/14/1975,0.000
10/15/1975,0.188
10/16/1975,0.059
10/17/1975,0.018
10/18/1975,0.047
10/19/1975,0.116
10/20/1975,0.107
10/21/1975,0.212
10/22/1975,1.006
10/23/1975,0.000
10/24/1975,0.000
10/25/1975,0.000
10/26/1975,0.203
10/27/1975,0.000
10/28/1975,0.425
10/29/1975,0.525
10/30/1975,0.000
10/31/1975,0.000
11/1/1975,0.001
11/2/1975,0.000
11/3/1975,0.000
11/4/1975,0.000
11/5/1975,0.000
11/6/1975,0.000
11/7/1975,0.000
11/8/1975,0.000
11/9/1975,0.000
11/10/1975,0.000
11/11/1975,0.000
11/12/1975,0.000
11/13/1975,0.049
11/14/1975,0.000
11/15/1975,0.040
11/16/1975,0.000
11/17/1975,0.089
11/18/1975,0.000
11/19/1975,0.000
11/20/1975,0.002
11/21/1975,0.000
11/22/1975,0.000
11/23/1975,0.001
11/24/1975,0.000
11/25/1975,0.377
11/26/1975,0.147
11/27/1975,0.882
11/28/1975,0.844
11/29/1975,0.010
11/30/1975,0.000
12/1/1975,0.006
12/2/1975,0.143
12/3/1975,1.835
12/4/1975,2.038
12/5/1975,3.270
12/6/1975,6.769
12/7/1975,3.957
12/8/1975,0.702
12/9/1975,0.000
12/10/1975,0.327
12/11/1975,0.000
12/12/1975,0.463
12/13/1975,0.545
12/14/1975,0.000
12/15/1975,0.655
12/16/1975,0.082
12/17/1975,0.000
12/18/1975,0.121
12/19/1975,0.026
12/20/1975,2.519
12/21/1975,2.255
12/22/1975,2.688
12/23/1975,0.511
12/24/1975,0.295
12/25/1975,0.000
12/26/1975,0.195
12/27/1975,0.000
12/28/1975,0.451
12/29/1975,1.816
12/30/1975,0.400
12/31/1975,0.043
1/1/1976,0.134
1/2/1976,0.444
1/3/1976,0.024
1/4/1976,0.000
1/5/1976,0.000
1/6/1976,0.000
1/7/1976,0.046
1/8/1976,0.034
1/9/1976,0.054
1/10/1976,0.071
1/11/1976,0.361
1/12/1976,0.206
1/13/1976,0.000
1/14/1976,0.330
1/15/1976,0.109
1/16/1976,0.000
1/17/1976,0.036
1/18/1976,1.480
1/19/1976,4.725
1/20/1976,2.388
1/21/1976,0.803
1/22/1976,0.181
1/23/1976,0.174
1/24/1976,0.000
1/25/1976,0.421
1/26/1976,3.819
1/27/1976,4.834
1/28/1976,1.362
1/29/1976,3.178
1/30/1976,0.374
1/31/1976,0.964
2/1/1976,7.431
2/2/1976,24.875
2/3/1976,10.568
2/4/1976,11.804
2/5/1976,3.011
2/6/1976,1.801
2/7/1976,1.084
2/8/1976,0.302
2/9/1976,0.129
2/10/1976,2.512
2/11/1976,7.727
2/12/1976,22.959
2/13/1976,25.260
2/14/1976,18.424
2/15/1976,2.873
2/16/1976,0.241
2/17/1976,0.191
2/18/1976,2.415
2/19/1976,0.322
2/20/1976,0.808
2/21/1976,0.294
2/22/1976,0.930
2/23/1976,3.749
2/24/1976,3.899
2/25/1976,0.686
2/26/1976,0.243
2/27/1976,0.663
2/28/1976,0.234
2/29/1976,0.376
3/1/1976,0.162
3/2/1976,2.129
3/3/1976,0.885
3/4/1976,1.656
3/5/1976,1.914
3/6/1976,5.460
3/7/1976,13.806
3/8/1976,23.691
3/9/1976,19.750
3/10/1976,1.324
3/11/1976,0.969
3/12/1976,1.833
3/13/1976,1.469
3/14/1976,0.905
3/15/1976,0.691
3/16/1976,0.041
3/17/1976,1.188
3/18/1976,2.396
3/19/1976,0.976
3/20/1976,0.283
3/21/1976,0.498
3/22/1976,0.760
3/23/1976,1.889
3/24/1976,6.470
3/25/1976,9.783
3/26/1976,1.712
3/27/1976,3.318
3/28/1976,6.755
3/29/1976,14.788
3/30/1976,9.016
3/31/1976,6.060
4/1/1976,23.781
4/2/1976,10.723
4/3/1976,3.206
4/4/1976,5.399
4/5/1976,0.837
4/6/1976,0.110
4/7/1976,0.630
4/8/1976,0.179
4/9/1976,1.530
4/10/1976,2.319
4/11/1976,6.931
4/12/1976,6.748
4/13/1976,1.480
4/14/1976,1.834
4/15/1976,4.039
4/16/1976,0.613
4/17/1976,1.043
4/18/1976,10.250
4/19/1976,2.333
4/20/1976,0.750
4/21/1976,2.042
4/22/1976,0.713
4/23/1976,2.064
4/24/1976,0.998
4/25/1976,1.051
4/26/1976,0.099
4/27/1976,0.000
4/28/1976,0.000
4/29/1976,0.116
4/30/1976,0.362
5/1/1976,0.015
5/2/1976,0.528
5/3/1976,0.193
5/4/1976,0.057
5/5/1976,0.118
5/6/1976,0.003
5/7/1976,0.215
5/8/1976,0.049
5/9/1976,0.003
5/10/1976,0.034
5/11/1976,0.707
5/12/1976,0.204
5/13/1976,0.453
5/14/1976,0.000
5/15/1976,0.359
5/16/1976,0.114
5/17/1976,0.089
5/18/1976,1.387
5/19/1976,0.961
5/20/1976,0.016
5/21/1976,0.988
5/22/1976,3.323
5/23/1976,11.081
5/24/1976,0.952
5/25/1976,0.252
5/26/1976,0.213
5/27/1976,0.258
5/28/1976,2.753
5/29/1976,3.363
5/30/1976,0.136
5/31/1976,0.132
6/1/1976,0.000
6/2/1976,0.006
6/3/1976,0.011
6/4/1976,1.078
6/5/1976,0.548
6/6/1976,0.000
6/7/1976,0.025
6/8/1976,0.302
6/9/1976,0.443
6/10/1976,0.236
6/11/1976,0.241
6/12/1976,0.000
6/13/1976,0.000
6/14/1976,0.000
6/15/1976,0.000
6/16/1976,0.000
6/17/1976,0.511
6/18/1976,0.000
6/19/1976,0.390
6/20/1976,1.011
6/21/1976,0.221
6/22/1976,0.915
6/23/1976,0.221
6/24/1976,0.012
6/25/1976,0.255
6/26/1976,0.000
6/27/1976,0.000
6/28/1976,0.005
6/29/1976,0.231
6/30/1976,0.000
7/1/1976,0.000
7/2/1976,0.000
7/3/1976,0.000
7/4/1976,0.096
7/5/1976,0.000
7/6/1976,0.000
7/7/1976,0.000
7/8/1976,0.000
7/9/1976,0.019
7/10/1976,0.000
7/11/1976,0.000
7/12/1976,0.052
7/13/1976,0.007
7/14/1976,0.004
7/15/1976,0.000
7/16/1976,0.214
7/17/1976,0.000
7/18/1976,0.036
7/19/1976,0.151
7/20/1976,0.083
7/21/1976,0.518
7/22/1976,0.441
7/23/1976,0.679
7/24/1976,0.159
7/25/1976,0.140
7/26/1976,0.032
7/27/1976,0.469
7/28/1976,0.027
7/29/1976,0.873
7/30/1976,0.056
7/31/1976,0.000
8/1/1976,0.000
8/2/1976,0.000
8/3/1976,0.000
8/4/1976,0.000
8/5/1976,0.000
8/6/1976,0.000
8/7/1976,0.000
8/8/1976,0.000
8/9/1976,0.000
8/10/1976,0.000
8/11/1976,0.000
8/12/1976,0.000
8/13/1976,0.000
8/14/1976,0.053
8/15/1976,0.044
8/16/1976,0.000
8/17/1976,0.016
8/18/1976,0.000
8/19/1976,0.000
8/20/1976,0.028
8/21/1976,0.000
8/22/1976,0.000
8/23/1976,0.160
8/24/1976,0.577
8/25/1976,0.543
8/26/1976,0.427
8/27/1976,0.000
8/28/1976,0.000
8/29/1976,0.067
8/30/1976,0.029
8/31/1976,0.003
9/1/1976,0.000
9/2/1976,0.000
9/3/1976,0.000
9/4/1976,0.347
9/5/1976,0.000
9/6/1976,0.000
9/7/1976,0.041
9/8/1976,0.000
9/9/1976,0.000
9/10/1976,0.000
9/11/1976,0.000
9/12/1976,0.105
9/13/1976,0.000
9/14/1976,0.000
9/15/1976,0.000
9/16/1976,0.123
9/17/1976,0.287
9/18/1976,0.000
9/19/1976,0.000
9/20/1976,0.100
9/21/1976,0.000
9/22/1976,0.570
9/23/1976,0.997
9/24/1976,1.822
9/25/1976,7.422
9/26/1976,2.214
9/27/1976,0.839
9/28/1976,0.773
9/29/1976,0.501
9/30/1976,3.359
10/1/1976,2.673
10/2/1976,2.552
10/3/1976,1.454
10/4/1976,1.867
10/5/1976,2.364
10/6/1976,3.882
10/7/1976,3.478
10/8/1976,0.909
10/9/1976,0.702
10/10/1976,0.566
10/11/1976,0.065
10/12/1976,0.168
10/13/1976,0.858
10/14/1976,3.664
10/15/1976,7.208
10/16/1976,1.070
10/17/1976,0.486
10/18/1976,0.641
10/19/1976,0.000
10/20/1976,0.015
10/21/1976,0.919
10/22/1976,2.852
10/23/1976,1.648
10/24/1976,1.576
10/25/1976,0.000
10/26/1976,0.228
10/27/1976,0.000
10/28/1976,0.000
10/29/1976,0.000
10/30/1976,0.000
10/31/1976,0.213
11/1/1976,0.015
11/2/1976,0.000
11/3/1976,0.000
11/4/1976,0.000
11/5/1976,0.000
11/6/1976,0.000
11/7/1976,0.635
11/8/1976,1.579
11/9/1976,0.469
11/10/1976,0.363
11/11/1976,0.000
11/12/1976,0.507
11/13/1976,3.997
11/14/1976,4.923
11/15/1976,2.323
11/16/1976,1.851
11/17/1976,0.199
11/18/1976,0.734
11/19/1976,0.021
11/20/1976,0.536
11/21/1976,0.508
11/22/1976,1.497
11/23/1976,0.177
11/24/1976,0.627
11/25/1976,0.229
11/26/1976,1.114
11/27/1976,0.863
11/28/1976,2.341
11/29/1976,3.505
11/30/1976,5.576
12/1/1976,3.845
12/2/1976,0.606
12/3/1976,1.766
12/4/1976,3.436
12/5/1976,0.768
12/6/1976,0.447
12/7/1976,0.587
12/8/1976,0.013
12/9/1976,0.000
12/10/1976,0.213
12/11/1976,0.288
12/12/1976,0.114
12/13/1976,0.016
12/14/1976,0.000
12/15/1976,0.064
12/16/1976,0.533
12/17/1976,0.000
12/18/1976,0.336
12/19/1976,0.288
12/20/1976,0.851
12/21/1976,0.170
12/22/1976,0.347
12/23/1976,0.000
12/24/1976,0.450
12/25/1976,0.197
12/26/1976,0.687
12/27/1976,0.249
12/28/1976,0.419
12/29/1976,1.460
12/30/1976,8.086
12/31/1976,0.610
1/1/1977,0.065
1/2/1977,0.451
1/3/1977,0.244
1/4/1977,1.924
1/5/1977,5.073
1/6/1977,0.709
1/7/1977,1.510
1/8/1977,0.607
1/9/1977,0.802
1/10/1977,1.178
1/11/1977,0.551
1/12/1977,0.236
1/13/1977,0.226
1/14/1977,1.542
1/15/1977,3.683
1/16/1977,0.927
1/17/1977,2.204
1/18/1977,3.667
1/19/1977,0.612
1/20/1977,1.381
1/21/1977,3.052
1/22/1977,19.517
1/23/1977,16.382
1/24/1977,2.831
1/25/1977,0.500
1/26/1977,10.284
1/27/1977,6.274
1/28/1977,1.432
1/29/1977,10.897
1/30/1977,2.796
1/31/1977,5.210
2/1/1977,3.764
2/2/1977,1.703
2/3/1977,3.485
2/4/1977,3.664
2/5/1977,6.736
2/6/1977,2.529
2/7/1977,6.753
2/8/1977,2.516
2/9/1977,2.949
2/10/1977,2.506
2/11/1977,0.974
2/12/1977,0.452
2/13/1977,0.353
2/14/1977,0.454
2/15/1977,1.513
2/16/1977,0.304
2/17/1977,0.000
2/18/1977,0.330
2/19/1977,0.202
2/20/1977,0.539
2/21/1977,0.727
2/22/1977,6.226
2/23/1977,3.054
2/24/1977,4.981
2/25/1977,3.655
2/26/1977,3.333
2/27/1977,1.395
2/28/1977,1.025
3/1/1977,0.276
3/2/1977,0.828
3/3/1977,2.981
3/4/1977,4.275
3/5/1977,0.638
3/6/1977,1.173
3/7/1977,2.016
3/8/1977,2.481
3/9/1977,1.928
3/10/1977,2.097
3/11/1977,4.601
3/12/1977,2.408
3/13/1977,3.901
3/14/1977,5.191
3/15/1977,6.160
3/16/1977,3.182
3/17/1977,7.462
3/18/1977,15.157
3/19/1977,9.850
3/20/1977,13.665
3/21/1977,4.068
3/22/1977,7.250
3/23/1977,2.713
3/24/1977,1.153
3/25/1977,2.927
3/26/1977,2.220
3/27/1977,5.711
3/28/1977,3.206
3/29/1977,4.205
3/30/1977,8.684
3/31/1977,8.628
4/1/1977,18.983
4/2/1977,9.736
4/3/1977,4.109
4/4/1977,9.367
4/5/1977,16.066
4/6/1977,8.763
4/7/1977,4.797
4/8/1977,2.474
4/9/1977,1.373
4/10/1977,1.272
4/11/1977,2.559
4/12/1977,4.255
4/13/1977,8.710
4/14/1977,6.153
4/15/1977,3.100
4/16/1977,1.312
4/17/1977,2.689
4/18/1977,3.571
4/19/1977,0.542
4/20/1977,1.952
4/21/1977,0.429
4/22/1977,1.561
4/23/1977,3.250
4/24/1977,1.555
4/25/1977,10.273
4/26/1977,8.076
4/27/1977,15.459
4/28/1977,17.148
4/29/1977,15.828
4/30/1977,8.232
5/1/1977,17.712
5/2/1977,20.234
5/3/1977,13.609
5/4/1977,5.310
5/5/1977,1.583
5/6/1977,1.320
5/7/1977,1.924
5/8/1977,3.572
5/9/1977,4.121
5/10/1977,6.827
5/11/1977,4.669
5/12/1977,9.349
5/13/1977,0.539
5/14/1977,0.471
5/15/1977,0.964
5/16/1977,1.365
5/17/1977,0.284
5/18/1977,1.844
5/19/1977,3.212
5/20/1977,11.002
5/21/1977,0.932
5/22/1977,1.373
5/23/1977,0.952
5/24/1977,1.920
5/25/1977,1.773
5/26/1977,2.438
5/27/1977,6.596
5/28/1977,3.824
5/29/1977,1.803
5/30/1977,2.122
5/31/1977,0.554
6/1/1977,0.626
6/2/1977,3.671
6/3/1977,1.350
6/4/1977,7.619
6/5/1977,8.351
6/6/1977,3.742
6/7/1977,2.356
6/8/1977,1.636
6/9/1977,4.085
6/10/1977,4.010
6/11/1977,0.600
6/12/1977,0.606
6/13/1977,0.663
6/14/1977,0.837
6/15/1977,2.074
6/16/1977,1.728
6/17/1977,1.132
6/18/1977,0.917
6/19/1977,0.693
6/20/1977,1.338
6/21/1977,2.187
6/22/1977,1.560
6/23/1977,2.731
6/24/1977,5.341
6/25/1977,1.461
6/26/1977,3.364
6/27/1977,2.779
6/28/1977,0.991
6/29/1977,1.509
6/30/1977,0.950
7/1/1977,1.834
7/2/1977,1.021
7/3/1977,0.683
7/4/1977,2.561
7/5/1977,3.080
7/6/1977,1.660
7/7/1977,1.590
7/8/1977,5.429
7/9/1977,5.286
7/10/1977,2.403
7/11/1977,4.796
7/12/1977,1.634
7/13/1977,0.607
7/14/1977,0.631
7/15/1977,2.235
7/16/1977,1.539
7/17/1977,0.603
7/18/1977,0.290
7/19/1977,1.386
7/20/1977,0.415
7/21/1977,0.038
7/22/1977,1.519
7/23/1977,1.981
7/24/1977,3.218
7/25/1977,15.131
7/26/1977,0.360
7/27/1977,0.891
7/28/1977,0.519
7/29/1977,1.697
7/30/1977,10.419
7/31/1977,4.785
8/1/1977,0.129
8/2/1977,0.000
8/3/1977,0.205
8/4/1977,0.184
8/5/1977,0.000
8/6/1977,0.000
8/7/1977,0.381
8/8/1977,0.016
8/9/1977,0.165
8/10/1977,0.130
8/11/1977,0.000
8/12/1977,0.000
8/13/1977,0.000
8/14/1977,0.000
8/15/1977,0.000
8/16/1977,0.274
8/17/1977,1.227
8/18/1977,0.275
8/19/1977,0.181
8/20/1977,0.000
8/21/1977,0.000
8/22/1977,0.000
8/23/1977,0.000
8/24/1977,0.007
8/25/1977,0.045
8/26/1977,0.000
8/27/1977,0.362
8/28/1977,0.000
8/29/1977,0.816
8/30/1977,1.273
8/31/1977,3.154
9/1/1977,0.025
9/2/1977,0.001
9/3/1977,0.071
9/4/1977,0.000
9/5/1977,0.000
9/6/1977,0.000
9/7/1977,0.015
9/8/1977,0.013
9/9/1977,0.006
9/10/1977,0.037
9/11/1977,0.098
9/12/1977,0.000
9/13/1977,0.110
9/14/1977,0.000
9/15/1977,0.095
9/16/1977,0.083
9/17/1977,0.030
9/18/1977,0.387
9/19/1977,0.070
9/20/1977,0.185
9/21/1977,0.000
9/22/1977,0.067
9/23/1977,0.204
9/24/1977,1.175
9/25/1977,0.007
9/26/1977,0.038
9/27/1977,0.176
9/28/1977,0.487
9/29/1977,0.000
9/30/1977,0.005
10/1/1977,0.014
10/2/1977,2.528
10/3/1977,0.000
10/4/1977,0.107
10/5/1977,0.033
10/6/1977,0.000
10/7/1977,0.094
10/8/1977,0.053
10/9/1977,0.117
10/10/1977,0.027
10/11/1977,0.000
10/12/1977,0.029
10/13/1977,0.000
10/14/1977,0.000
10/15/1977,0.209
10/16/1977,0.633
10/17/1977,0.410
10/18/1977,2.399
10/19/1977,0.000
10/20/1977,0.000
10/21/1977,0.000
10/22/1977,0.000
10/23/1977,0.088
10/24/1977,0.000
10/25/1977,0.104
10/26/1977,0.372
10/27/1977,0.000
10/28/1977,0.000
10/29/1977,0.034
10/30/1977,0.000
10/31/1977,0.000
11/1/1977,0.134
11/2/1977,0.000
11/3/1977,0.040
11/4/1977,0.000
11/5/1977,0.000
11/6/1977,0.000
11/7/1977,0.000
11/8/1977,0.000
11/9/1977,0.485
11/10/1977,0.271
11/11/1977,0.000
11/12/1977,0.000
11/13/1977,0.000
11/14/1977,0.015
11/15/1977,0.088
11/16/1977,0.000
11/17/1977,0.093
11/18/1977,0.074
11/19/1977,0.000
11/20/1977,0.055
11/21/1977,0.007
11/22/1977,0.000
11/23/1977,0.000
11/24/1977,0.000
11/25/1977,0.000
11/26/1977,0.000
11/27/1977,0.477
11/28/1977,0.830
11/29/1977,3.460
11/30/1977,1.050
12/1/1977,0.016
12/2/1977,0.000
12/3/1977,0.118
12/4/1977,0.000
12/5/1977,0.000
12/6/1977,0.000
12/7/1977,0.000
12/8/1977,0.000
12/9/1977,0.155
12/10/1977,0.862
12/11/1977,1.037
12/12/1977,2.520
12/13/1977,3.764
12/14/1977,3.784
12/15/1977,13.103
12/16/1977,7.830
12/17/1977,1.066
12/18/1977,0.166
12/19/1977,1.136
12/20/1977,1.227
12/21/1977,2.289
12/22/1977,0.000
12/23/1977,0.000
12/24/1977,0.274
12/25/1977,3.050
12/26/1977,5.714
12/27/1977,4.138
12/28/1977,2.178
12/29/1977,2.785
12/30/1977,5.788
12/31/1977,2.757
1/1/1978,0.652
1/2/1978,1.458
1/3/1978,0.825
1/4/1978,0.664
1/5/1978,0.022
1/6/1978,0.177
1/7/1978,0.000
1/8/1978,0.038
1/9/1978,1.132
1/10/1978,11.111
1/11/1978,3.093
1/12/1978,0.080
1/13/1978,0.226
1/14/1978,0.701
1/15/1978,0.893
1/16/1978,0.050
1/17/1978,2.002
1/18/1978,0.908
1/19/1978,1.846
1/20/1978,0.520
1/21/1978,0.989
1/22/1978,1.463
1/23/1978,0.435
1/24/1978,0.213
1/25/1978,0.000
1/26/1978,0.180
1/27/1978,0.188
1/28/1978,2.747
1/29/1978,0.033
1/30/1978,0.432
1/31/1978,0.000
2/1/1978,0.000
2/2/1978,1.763
2/3/1978,1.629
2/4/1978,2.453
2/5/1978,0.161
2/6/1978,1.923
2/7/1978,12.146
2/8/1978,17.773
2/9/1978,6.438
2/10/1978,11.495
2/11/1978,20.563
2/12/1978,10.102
2/13/1978,5.075
2/14/1978,2.758
2/15/1978,0.599
2/16/1978,0.104
2/17/1978,1.493
2/18/1978,0.342
2/19/1978,0.227
2/20/1978,0.572
2/21/1978,0.555
2/22/1978,0.107
2/23/1978,0.788
2/24/1978,0.241
2/25/1978,4.558
2/26/1978,11.559
2/27/1978,18.425
2/28/1978,22.318
3/1/1978,18.675
3/2/1978,16.834
3/3/1978,21.196
3/4/1978,9.175
3/5/1978,19.320
3/6/1978,8.803
3/7/1978,11.978
3/8/1978,8.960
3/9/1978,2.177
3/10/1978,2.138
3/11/1978,7.522
3/12/1978,9.599
3/13/1978,3.636
3/14/1978,9.671
3/15/1978,5.873
3/16/1978,11.275
3/17/1978,6.929
3/18/1978,1.475
3/19/1978,0.462
3/20/1978,0.261
3/21/1978,0.229
3/22/1978,0.517
3/23/1978,0.774
3/24/1978,1.273
3/25/1978,0.487
3/26/1978,0.567
3/27/1978,1.029
3/28/1978,0.310
3/29/1978,0.533
3/30/1978,0.280
3/31/1978,0.706
4/1/1978,2.211
4/2/1978,1.767
4/3/1978,1.839
4/4/1978,0.428
4/5/1978,5.501
4/6/1978,12.279
4/7/1978,6.148
4/8/1978,0.737
4/9/1978,3.063
4/10/1978,12.448
4/11/1978,11.125
4/12/1978,2.886
4/13/1978,0.381
4/14/1978,1.203
4/15/1978,1.807
4/16/1978,1.318
4/17/1978,1.823
4/18/1978,0.849
4/19/1978,0.882
4/20/1978,0.987
4/21/1978,3.580
4/22/1978,5.982
4/23/1978,4.537
4/24/1978,6.381
4/25/1978,9.373
4/26/1978,5.837
4/27/1978,3.899
4/28/1978,11.238
4/29/1978,9.201
4/30/1978,4.961
5/1/1978,5.525
5/2/1978,6.689
5/3/1978,13.876
5/4/1978,8.340
5/5/1978,6.397
5/6/1978,2.880
5/7/1978,0.965
5/8/1978,0.906
5/9/1978,2.388
5/10/1978,2.609
5/11/1978,3.438
5/12/1978,4.111
5/13/1978,5.923
5/14/1978,3.447
5/15/1978,3.288
5/16/1978,4.340
5/17/1978,2.077
5/18/1978,0.999
5/19/1978,0.990
5/20/1978,0.632
5/21/1978,2.064
5/22/1978,1.329
5/23/1978,0.921
5/24/1978,0.845
5/25/1978,0.144
5/26/1978,0.000
5/27/1978,0.930
5/28/1978,0.330
5/29/1978,0.148
5/30/1978,0.221
5/31/1978,0.403
6/1/1978,0.805
6/2/1978,0.445
6/3/1978,1.824
6/4/1978,0.554
6/5/1978,0.646
6/6/1978,0.766
6/7/1978,0.893
6/8/1978,0.367
6/9/1978,0.610
6/10/1978,0.080
6/11/1978,1.741
6/12/1978,0.788
6/13/1978,1.850
6/14/1978,3.045
6/15/1978,1.265
6/16/1978,0.863
6/17/1978,3.484
6/18/1978,1.378
6/19/1978,0.506
6/20/1978,1.310
6/21/1978,0.671
6/22/1978,1.270
6/23/1978,3.861
6/24/1978,2.405
6/25/1978,1.311
6/26/1978,3.744
6/27/1978,6.179
6/28/1978,8.563
6/29/1978,1.700
6/30/1978,0.454
7/1/1978,0.075
7/2/1978,0.085
7/3/1978,0.112
7/4/1978,0.000
7/5/1978,0.690
7/6/1978,1.134
7/7/1978,0.256
7/8/1978,0.373
7/9/1978,1.620
7/10/1978,4.468
7/11/1978,5.487
7/12/1978,2.242
7/13/1978,0.669
7/14/1978,0.864
7/15/1978,1.265
7/16/1978,0.555
7/17/1978,0.732
7/18/1978,3.972
7/19/1978,3.017
7/20/1978,1.096
7/21/1978,1.026
7/22/1978,0.425
7/23/1978,0.372
7/24/1978,0.866
7/25/1978,0.789
7/26/1978,0.377
7/27/1978,2.114
7/28/1978,7.684
7/29/1978,8.988
7/30/1978,1.652
7/31/1978,1.380
8/1/1978,0.360
8/2/1978,0.058
8/3/1978,0.075
8/4/1978,0.000
8/5/1978,0.299
8/6/1978,1.064
8/7/1978,0.000
8/8/1978,0.184
8/9/1978,0.031
8/10/1978,0.502
8/11/1978,1.166
8/12/1978,0.355
8/13/1978,0.257
8/14/1978,0.000
8/15/1978,0.143
8/16/1978,0.739
8/17/1978,0.183
8/18/1978,0.185
8/19/1978,0.154
8/20/1978,0.588
8/21/1978,0.003
8/22/1978,0.000
8/23/1978,0.529
8/24/1978,0.000
8/25/1978,0.004
8/26/1978,0.082
8/27/1978,0.000
8/28/1978,0.048
8/29/1978,0.000
8/30/1978,0.000
8/31/1978,0.030
9/1/1978,0.000
9/2/1978,0.063
9/3/1978,0.331
9/4/1978,1.097
9/5/1978,3.557
9/6/1978,0.551
9/7/1978,0.000
9/8/1978,0.142
9/9/1978,0.110
9/10/1978,0.221
9/11/1978,0.012
9/12/1978,0.000
9/13/1978,0.000
9/14/1978,0.227
9/15/1978,0.010
9/16/1978,0.076
9/17/1978,1.261
9/18/1978,2.594
9/19/1978,0.117
9/20/1978,0.407
9/21/1978,0.000
9/22/1978,1.327
9/23/1978,2.826
9/24/1978,6.412
9/25/1978,0.184
9/26/1978,0.409
9/27/1978,0.246
9/28/1978,0.044
9/29/1978,0.423
9/30/1978,0.439
10/1/1978,0.077
10/2/1978,0.215
10/3/1978,0.000
10/4/1978,0.000
10/5/1978,0.152
10/6/1978,0.052
10/7/1978,0.035
10/8/1978,0.067
10/9/1978,0.000
10/10/1978,0.000
10/11/1978,0.107
10/12/1978,0.000
10/13/1978,0.000
10/14/1978,0.000
10/15/1978,0.000
10/16/1978,0.000
10/17/1978,0.000
10/18/1978,0.000
10/19/1978,0.092
10/20/1978,0.251
10/21/1978,0.000
10/22/1978,0.576
10/23/1978,0.808
10/24/1978,0.096
10/25/1978,0.333
10/26/1978,0.000
10/27/1978,0.032
10/28/1978,0.000
10/29/1978,0.067
10/30/1978,0.000
10/31/1978,0.000
11/1/1978,0.000
11/2/1978,0.000
11/3/1978,0.180
11/4/1978,0.160
11/5/1978,0.000
11/6/1978,0.000
11/7/1978,0.081
11/8/1978,0.000
11/9/1978,0.000
11/10/1978,0.000
11/11/1978,0.012
11/12/1978,0.029
11/13/1978,0.000
11/14/1978,0.147
11/15/1978,0.006
11/16/1978,0.224
11/17/1978,0.221
11/18/1978,0.000
11/19/1978,0.252
11/20/1978,0.022
11/21/1978,0.000
11/22/1978,0.242
11/23/1978,0.000
11/24/1978,0.285
11/25/1978,0.066
11/26/1978,0.000
11/27/1978,1.569
11/28/1978,3.220
11/29/1978,2.151
11/30/1978,3.081
12/1/1978,0.756
12/2/1978,2.818
12/3/1978,0.416
12/4/1978,0.476
12/5/1978,0.847
12/6/1978,2.529
12/7/1978,0.115
12/8/1978,0.255
12/9/1978,0.109
12/10/1978,0.383
12/11/1978,1.502
12/12/1978,10.128
12/13/1978,0.228
12/14/1978,0.000
12/15/1978,0.257
12/16/1978,0.179
12/17/1978,0.000
12/18/1978,0.000
12/19/1978,0.083
12/20/1978,0.424
12/21/1978,0.090
12/22/1978,0.000
12/23/1978,0.146
12/24/1978,0.750
12/25/1978,0.001
12/26/1978,0.000
12/27/1978,0.022
12/28/1978,0.002
12/29/1978,0.002
12/30/1978,0.166
12/31/1978,0.071
1/1/1979,0.000
1/2/1979,0.003
1/3/1979,0.000
1/4/1979,0.105
1/5/1979,0.000
1/6/1979,0.000
1/7/1979,0.000
1/8/1979,0.000
1/9/1979,1.958
1/10/1979,0.392
1/11/1979,0.403
1/12/1979,0.157
1/13/1979,0.939
1/14/1979,7.360
1/15/1979,20.302
1/16/1979,7.515
1/17/1979,1.438
1/18/1979,2.192
1/19/1979,1.037
1/20/1979,0.577
1/21/1979,0.336
1/22/1979,3.404
1/23/1979,11.708
1/24/1979,15.303
1/25/1979,6.143
1/26/1979,9.262
1/27/1979,1.132
1/28/1979,0.137
1/29/1979,0.469
1/30/1979,0.331
1/31/1979,0.000
2/1/1979,0.124
2/2/1979,4.026
2/3/1979,1.843
2/4/1979,5.548
2/5/1979,4.104
2/6/1979,7.961
2/7/1979,3.777
2/8/1979,7.592
2/9/1979,2.301
2/10/1979,0.398
2/11/1979,0.776
2/12/1979,2.439
2/13/1979,4.125
2/14/1979,5.204
2/15/1979,3.448
2/16/1979,0.205
2/17/1979,0.134
2/18/1979,0.918
2/19/1979,0.602
2/20/1979,0.598
2/21/1979,2.797
2/22/1979,3.487
2/23/1979,2.550
2/24/1979,8.042
2/25/1979,7.035
2/26/1979,9.022
2/27/1979,13.852
2/28/1979,0.059
3/1/1979,0.506
3/2/1979,1.776
3/3/1979,1.355
3/4/1979,0.348
3/5/1979,3.530
3/6/1979,8.166
3/7/1979,1.851
3/8/1979,0.980
3/9/1979,2.050
3/10/1979,5.642
3/11/1979,5.739
3/12/1979,4.895
3/13/1979,2.808
3/14/1979,4.174
3/15/1979,4.404
3/16/1979,2.605
3/17/1979,3.572
3/18/1979,0.427
3/19/1979,0.232
3/20/1979,1.276
3/21/1979,3.991
3/22/1979,0.141
3/23/1979,1.304
3/24/1979,0.060
3/25/1979,1.145
3/26/1979,1.285
3/27/1979,1.340
3/28/1979,10.562
3/29/1979,16.116
3/30/1979,10.342
3/31/1979,6.427
4/1/1979,1.564
4/2/1979,0.513
4/3/1979,0.412
4/4/1979,0.767
4/5/1979,0.147
4/6/1979,2.413
4/7/1979,3.745
4/8/1979,5.694
4/9/1979,14.290
4/10/1979,1.283
4/11/1979,0.553
4/12/1979,0.000
4/13/1979,0.000
4/14/1979,0.120
4/15/1979,0.034
4/16/1979,1.377
4/17/1979,2.627
4/18/1979,0.989
4/19/1979,1.171
4/20/1979,2.788
4/21/1979,2.864
4/22/1979,3.109
4/23/1979,1.595
4/24/1979,3.237
4/25/1979,7.996
4/26/1979,2.356
4/27/1979,3.895
4/28/1979,9.290
4/29/1979,5.989
4/30/1979,4.452
5/1/1979,8.837
5/2/1979,10.365
5/3/1979,10.215
5/4/1979,12.423
5/5/1979,5.751
5/6/1979,1.453
5/7/1979,2.298
5/8/1979,5.466
5/9/1979,0.759
5/10/1979,1.211
5/11/1979,1.533
5/12/1979,5.645
5/13/1979,3.197
5/14/1979,0.375
5/15/1979,0.865
5/16/1979,1.961
5/17/1979,3.504
5/18/1979,1.609
5/19/1979,0.752
5/20/1979,0.086
5/21/1979,0.192
5/22/1979,0.106
5/23/1979,0.125
5/24/1979,0.442
5/25/1979,0.370
5/26/1979,1.105
5/27/1979,0.000
5/28/1979,0.020
5/29/1979,0.012
5/30/1979,0.648
5/31/1979,0.000
6/1/1979,0.262
6/2/1979,1.036
6/3/1979,0.754
6/4/1979,2.294
6/5/1979,0.297
6/6/1979,0.743
6/7/1979,2.648
6/8/1979,1.135
6/9/1979,0.182
6/10/1979,0.234
6/11/1979,0.090
6/12/1979,0.000
6/13/1979,0.000
6/14/1979,0.053
6/15/1979,0.253
6/16/1979,0.012
6/17/1979,0.183
6/18/1979,0.090
6/19/1979,0.000
6/20/1979,0.000
6/21/1979,0.000
6/22/1979,0.126
6/23/1979,0.002
6/24/1979,0.000
6/25/1979,0.000
6/26/1979,0.088
6/27/1979,1.775
6/28/1979,0.044
6/29/1979,0.064
6/30/1979,0.054
7/1/1979,0.827
7/2/1979,2.009
7/3/1979,1.775
7/4/1979,0.137
7/5/1979,0.031
7/6/1979,0.095
7/7/1979,0.137
7/8/1979,0.497
7/9/1979,0.077
7/10/1979,0.219
7/11/1979,0.000
7/12/1979,0.000
7/13/1979,0.000
7/14/1979,0.036
7/15/1979,0.000
7/16/1979,0.138
7/17/1979,0.398
7/18/1979,0.254
7/19/1979,0.085
7/20/1979,0.195
7/21/1979,0.025
7/22/1979,0.000
7/23/1979,0.071
7/24/1979,0.000
7/25/1979,0.034
7/26/1979,0.052
7/27/1979,0.052
7/28/1979,0.000
7/29/1979,0.000
7/30/1979,0.173
7/31/1979,0.000
8/1/1979,0.058
8/2/1979,0.000
8/3/1979,0.000
8/4/1979,0.000
8/5/1979,0.042
8/6/1979,0.022
8/7/1979,0.000
8/8/1979,0.000
8/9/1979,0.000
8/10/1979,0.000
8/11/1979,0.000
8/12/1979,0.000
8/13/1979,0.001
8/14/1979,0.558
8/15/1979,0.000
8/16/1979,0.038
8/17/1979,0.000
8/18/1979,0.152
8/19/1979,0.000
8/20/1979,0.000
8/21/1979,0.000
8/22/1979,0.000
8/23/1979,0.062
8/24/1979,0.000
8/25/1979,0.000
8/26/1979,0.000
8/27/1979,0.054
8/28/1979,0.615
8/29/1979,0.649
8/30/1979,0.036
8/31/1979,0.000
9/1/1979,0.000
9/2/1979,0.259
9/3/1979,2.003
9/4/1979,4.922
9/5/1979,1.569
9/6/1979,3.228
9/7/1979,0.700
9/8/1979,0.092
9/9/1979,0.989
9/10/1979,0.126
9/11/1979,0.000
9/12/1979,0.387
9/13/1979,0.000
9/14/1979,0.000
9/15/1979,0.188
9/16/1979,0.065
9/17/1979,0.000
9/18/1979,0.146
9/19/1979,0.187
9/20/1979,0.000
9/21/1979,0.263
9/22/1979,0.005
9/23/1979,0.000
9/24/1979,0.000
9/25/1979,0.000
9/26/1979,0.051
9/27/1979,0.000
9/28/1979,0.045
9/29/1979,0.000
9/30/1979,0.000
10/1/1979,0.000
10/2/1979,0.000
10/3/1979,0.000
10/4/1979,0.000
10/5/1979,0.000
10/6/1979,0.000
10/7/1979,0.000
10/8/1979,0.000
10/9/1979,0.025
10/10/1979,0.027
10/11/1979,0.000
10/12/1979,0.000
10/13/1979,0.000
10/14/1979,0.000
10/15/1979,0.000
10/16/1979,0.000
10/17/1979,0.000
10/18/1979,0.036
10/19/1979,0.183
10/20/1979,0.298
10/21/1979,0.000
10/22/1979,0.000
10/23/1979,0.000
10/24/1979,0.000
10/25/1979,0.000
10/26/1979,0.000
10/27/1979,0.000
10/28/1979,0.000
10/29/1979,0.000
10/30/1979,0.971
10/31/1979,0.525
11/1/1979,0.000
11/2/1979,0.000
11/3/1979,0.000
11/4/1979,0.000
11/5/1979,0.160
11/6/1979,0.121
11/7/1979,0.241
11/8/1979,0.824
11/9/1979,5.158
11/10/1979,0.312
11/11/1979,0.545
11/12/1979,0.300
11/13/1979,0.070
11/14/1979,0.066
11/15/1979,0.085
11/16/1979,0.208
11/17/1979,1.967
11/18/1979,3.073
11/19/1979,4.025
11/20/1979,0.212
11/21/1979,0.000
11/22/1979,0.000
11/23/1979,0.000
11/24/1979,0.000
11/25/1979,0.000
11/26/1979,0.006
11/27/1979,0.027
11/28/1979,1.703
11/29/1979,0.615
11/30/1979,0.143
12/1/1979,0.000
12/2/1979,0.000
12/3/1979,0.000
12/4/1979,0.000
12/5/1979,0.000
12/6/1979,0.000
12/7/1979,0.000
12/8/1979,0.000
12/9/1979,0.057
12/10/1979,0.025
12/11/1979,0.000
12/12/1979,0.049
12/13/1979,0.796
12/14/1979,1.948
12/15/1979,0.579
12/16/1979,0.518
12/17/1979,0.109
12/18/1979,0.378
12/19/1979,0.038
12/20/1979,3.192
12/21/1979,1.290
12/22/1979,0.227
12/23/1979,0.279
12/24/1979,0.000
12/25/1979,0.064
12/26/1979,0.000
12/27/1979,0.169
12/28/1979,0.325
12/29/1979,0.004
12/30/1979,0.284
12/31/1979,0.402
1/1/1980,0.015
1/2/1980,0.967
1/3/1980,0.472
1/4/1980,3.946
1/5/1980,14.810
1/6/1980,1.973
1/7/1980,4.040
1/8/1980,0.310
1/9/1980,0.624
1/10/1980,2.813
1/11/1980,3.298
1/12/1980,0.164
1/13/1980,3.329
1/14/1980,5.431
1/15/1980,2.192
1/16/1980,6.844
1/17/1980,2.404
1/18/1980,2.450
1/19/1980,6.649
1/20/1980,2.165
1/21/1980,2.012
1/22/1980,0.643
1/23/1980,0.199
1/24/1980,2.771
1/25/1980,0.246
1/26/1980,0.455
1/27/1980,0.904
1/28/1980,1.271
1/29/1980,0.998
1/30/1980,2.337
1/31/1980,1.512
2/1/1980,0.210
2/2/1980,0.311
2/3/1980,2.371
2/4/1980,0.278
2/5/1980,1.429
2/6/1980,2.952
2/7/1980,6.351
2/8/1980,14.232
2/9/1980,2.157
2/10/1980,2.345
2/11/1980,3.648
2/12/1980,5.772
2/13/1980,7.154
2/14/1980,7.354
2/15/1980,15.059
2/16/1980,5.388
2/17/1980,1.527
2/18/1980,8.608
2/19/1980,11.570
2/20/1980,24.152
2/21/1980,17.516
2/22/1980,6.612
2/23/1980,9.472
2/24/1980,4.892
2/25/1980,6.448
2/26/1980,5.179
2/27/1980,1.966
2/28/1980,3.091
2/29/1980,4.601
3/1/1980,4.867
3/2/1980,9.040
3/3/1980,34.194
3/4/1980,5.782
3/5/1980,12.857
3/6/1980,7.862
3/7/1980,4.607
3/8/1980,0.762
3/9/1980,0.413
3/10/1980,0.021
3/11/1980,0.000
3/12/1980,0.345
3/13/1980,1.311
3/14/1980,1.357
3/15/1980,2.281
3/16/1980,1.623
3/17/1980,0.182
3/18/1980,0.120
3/19/1980,2.478
3/20/1980,4.097
3/21/1980,3.845
3/22/1980,0.638
3/23/1980,0.000
3/24/1980,0.091
3/25/1980,0.033
3/26/1980,0.541
3/27/1980,0.274
3/28/1980,0.461
3/29/1980,1.067
3/30/1980,0.087
3/31/1980,0.000
4/1/1980,0.000
4/2/1980,0.340
4/3/1980,0.680
4/4/1980,0.849
4/5/1980,0.157
4/6/1980,4.134
4/7/1980,6.473
4/8/1980,4.783
4/9/1980,1.204
4/10/1980,0.131
4/11/1980,0.667
4/12/1980,2.661
4/13/1980,0.131
4/14/1980,0.139
4/15/1980,0.434
4/16/1980,1.191
4/17/1980,0.009
4/18/1980,0.341
4/19/1980,3.034
4/20/1980,0.050
4/21/1980,0.000
4/22/1980,0.311
4/23/1980,0.390
4/24/1980,0.305
4/25/1980,0.150
4/26/1980,0.004
4/27/1980,0.044
4/28/1980,0.775
4/29/1980,0.144
4/30/1980,0.008
5/1/1980,0.033
5/2/1980,0.139
5/3/1980,0.689
5/4/1980,0.551
5/5/1980,0.856
5/6/1980,0.355
5/7/1980,0.003
5/8/1980,0.006
5/9/1980,0.053
5/10/1980,0.000
5/11/1980,0.068
5/12/1980,0.000
5/13/1980,0.000
5/14/1980,0.029
5/15/1980,0.125
5/16/1980,0.356
5/17/1980,0.157
5/18/1980,0.000
5/19/1980,0.000
5/20/1980,0.260
5/21/1980,0.000
5/22/1980,0.000
5/23/1980,0.000
5/24/1980,0.000
5/25/1980,0.000
5/26/1980,0.000
5/27/1980,0.040
5/28/1980,0.173
5/29/1980,0.000
5/30/1980,0.000
5/31/1980,0.027
6/1/1980,0.000
6/2/1980,0.000
6/3/1980,0.000
6/4/1980,0.063
6/5/1980,0.046
6/6/1980,0.231
6/7/1980,0.472
6/8/1980,0.000
6/9/1980,4.853
6/10/1980,12.092
6/11/1980,1.731
6/12/1980,2.297
6/13/1980,4.399
6/14/1980,9.186
6/15/1980,1.116
6/16/1980,0.036
6/17/1980,0.084
6/18/1980,0.324
6/19/1980,0.137
6/20/1980,0.117
6/21/1980,0.054
6/22/1980,2.377
6/23/1980,0.000
6/24/1980,0.209
6/25/1980,0.023
6/26/1980,0.105
6/27/1980,1.920
6/28/1980,0.216
6/29/1980,0.317
6/30/1980,0.000
7/1/1980,0.791
7/2/1980,3.770
7/3/1980,2.677
7/4/1980,0.117
7/5/1980,0.011
7/6/1980,0.000
7/7/1980,0.022
7/8/1980,0.152
7/9/1980,0.000
7/10/1980,0.090
7/11/1980,0.007
7/12/1980,0.183
7/13/1980,0.112
7/14/1980,0.282
7/15/1980,0.146
7/16/1980,0.000
7/17/1980,0.000
7/18/1980,0.125
7/19/1980,0.000
7/20/1980,0.276
7/21/1980,0.005
7/22/1980,0.000
7/23/1980,0.000
7/24/1980,0.000
7/25/1980,0.000
7/26/1980,0.000
7/27/1980,0.035
7/28/1980,0.000
7/29/1980,0.000
7/30/1980,0.000
7/31/1980,0.000
8/1/1980,0.000
8/2/1980,0.035
8/3/1980,0.002
8/4/1980,0.000
8/5/1980,0.000
8/6/1980,0.000
8/7/1980,0.000
8/8/1980,0.002
8/9/1980,0.000
8/10/1980,0.126
8/11/1980,0.411
8/12/1980,0.000
8/13/1980,0.000
8/14/1980,0.000
8/15/1980,0.000
8/16/1980,0.000
8/17/1980,0.000
8/18/1980,0.000
8/19/1980,0.000
8/20/1980,0.000
8/21/1980,0.000
8/22/1980,0.000
8/23/1980,0.000
8/24/1980,0.000
8/25/1980,0.009
8/26/1980,0.007
8/27/1980,0.022
8/28/1980,0.280
8/29/1980,0.000
8/30/1980,0.131
8/31/1980,0.000
9/1/1980,0.000
9/2/1980,0.000
9/3/1980,0.000
9/4/1980,0.000
9/5/1980,0.000
9/6/1980,0.000
9/7/1980,0.000
9/8/1980,0.000
9/9/1980,0.000
9/10/1980,0.000
9/11/1980,0.000
9/12/1980,0.136
9/13/1980,0.000
9/14/1980,0.000
9/15/1980,0.062
9/16/1980,0.000
9/17/1980,0.704
9/18/1980,0.096
9/19/1980,0.000
9/20/1980,0.157
9/21/1980,0.079
9/22/1980,0.286
9/23/1980,0.000
9/24/1980,0.000
9/25/1980,0.211
9/26/1980,0.319
9/27/1980,0.288
9/28/1980,0.367
9/29/1980,0.335
9/30/1980,0.000
10/1/1980,1.181
10/2/1980,7.212
10/3/1980,1.528
10/4/1980,0.168
10/5/1980,0.215
10/6/1980,0.026
10/7/1980,0.208
10/8/1980,0.131
10/9/1980,0.000
10/10/1980,0.000
10/11/1980,0.000
10/12/1980,0.000
10/13/1980,0.036
10/14/1980,0.000
10/15/1980,0.000
10/16/1980,0.042
10/17/1980,0.000
10/18/1980,0.000
10/19/1980,0.000
10/20/1980,0.000
10/21/1980,0.021
10/22/1980,0.000
10/23/1980,0.000
10/24/1980,0.775
10/25/1980,1.062
10/26/1980,0.090
10/27/1980,0.082
10/28/1980,0.005
10/29/1980,0.000
10/30/1980,0.000
10/31/1980,0.017
11/1/1980,0.000
11/2/1980,0.425
11/3/1980,0.248
11/4/1980,1.769
11/5/1980,0.000
11/6/1980,0.000
11/7/1980,0.031
11/8/1980,0.000
11/9/1980,0.000
11/10/1980,0.000
11/11/1980,0.904
11/12/1980,0.567
11/13/1980,0.420
11/14/1980,0.745
11/15/1980,3.821
11/16/1980,18.763
11/17/1980,9.154
11/18/1980,0.929
11/19/1980,0.055
11/20/1980,0.000
11/21/1980,0.088
11/22/1980,0.000
11/23/1980,0.000
11/24/1980,0.173
11/25/1980,0.241
11/26/1980,0.233
11/27/1980,0.000
11/28/1980,1.165
11/29/1980,0.018
11/30/1980,0.000
12/1/1980,0.000
12/2/1980,0.000
12/3/1980,0.008
12/4/1980,0.000
12/5/1980,0.000
12/6/1980,0.000
12/7/1980,0.000
12/8/1980,0.000
12/9/1980,0.000
12/10/1980,0.099
12/11/1980,0.000
12/12/1980,0.000
12/13/1980,0.000
12/14/1980,0.000
12/15/1980,0.000
12/16/1980,0.000
12/17/1980,0.284
12/18/1980,1.054
12/19/1980,2.399
12/20/1980,2.302
12/21/1980,0.732
12/22/1980,0.213
12/23/1980,0.406
12/24/1980,0.930
12/25/1980,3.329
12/26/1980,0.234
12/27/1980,0.834
12/28/1980,0.205
12/29/1980,0.184
12/30/1980,0.318
12/31/1980,1.021
1/1/1981,0.000
1/2/1981,0.057
1/3/1981,0.106
1/4/1981,0.000
1/5/1981,0.839
1/6/1981,0.865
1/7/1981,2.191
1/8/1981,3.092
1/9/1981,8.412
1/10/1981,2.662
1/11/1981,0.880
1/12/1981,0.336
1/13/1981,0.000
1/14/1981,0.066
1/15/1981,1.136
1/16/1981,1.187
1/17/1981,0.966
1/18/1981,0.997
1/19/1981,3.665
1/20/1981,2.040
1/21/1981,6.328
1/22/1981,0.244
1/23/1981,0.045
1/24/1981,0.075
1/25/1981,0.451
1/26/1981,3.073
1/27/1981,24.677
1/28/1981,4.065
1/29/1981,3.987
1/30/1981,1.665
1/31/1981,2.046
2/1/1981,1.598
2/2/1981,0.299
2/3/1981,0.337
2/4/1981,0.140
2/5/1981,2.207
2/6/1981,8.450
2/7/1981,7.450
2/8/1981,0.464
2/9/1981,0.034
2/10/1981,0.164
2/11/1981,0.063
2/12/1981,0.159
2/13/1981,0.472
2/14/1981,0.000
2/15/1981,0.000
2/16/1981,0.203
2/17/1981,1.538
2/18/1981,1.532
2/19/1981,1.882
2/20/1981,0.868
2/21/1981,0.245
2/22/1981,0.000
2/23/1981,1.935
2/24/1981,2.072
2/25/1981,0.355
2/26/1981,1.387
2/27/1981,0.000
2/28/1981,0.000
3/1/1981,0.125
3/2/1981,0.000
3/3/1981,0.000
3/4/1981,0.000
3/5/1981,0.000
3/6/1981,0.105
3/7/1981,0.197
3/8/1981,0.035
3/9/1981,0.000
3/10/1981,0.000
3/11/1981,0.694
3/12/1981,2.379
3/13/1981,22.457
3/14/1981,38.869
3/15/1981,22.704
3/16/1981,29.958
3/17/1981,17.086
3/18/1981,12.460
3/19/1981,4.478
3/20/1981,15.874
3/21/1981,5.895
3/22/1981,12.304
3/23/1981,30.082
3/24/1981,24.615
3/25/1981,9.528
3/26/1981,18.594
3/27/1981,3.575
3/28/1981,3.605
3/29/1981,7.327
3/30/1981,17.382
3/31/1981,17.502
4/1/1981,17.751
4/2/1981,12.310
4/3/1981,7.837
4/4/1981,5.261
4/5/1981,1.325
4/6/1981,0.280
4/7/1981,0.377
4/8/1981,0.109
4/9/1981,0.000
4/10/1981,0.212
4/11/1981,0.000
4/12/1981,0.190
4/13/1981,0.102
4/14/1981,0.941
4/15/1981,0.210
4/16/1981,0.000
4/17/1981,0.285
4/18/1981,0.000
4/19/1981,1.554
4/20/1981,0.076
4/21/1981,0.017
4/22/1981,0.000
4/23/1981,0.000
4/24/1981,0.000
4/25/1981,0.622
4/26/1981,0.129
4/27/1981,0.017
4/28/1981,0.006
4/29/1981,0.045
4/30/1981,0.198
5/1/1981,0.148
5/2/1981,1.758
5/3/1981,0.001
5/4/1981,0.000
5/5/1981,0.000
5/6/1981,0.000
5/7/1981,0.002
5/8/1981,0.078
5/9/1981,0.000
5/10/1981,0.000
5/11/1981,0.202
5/12/1981,0.000
5/13/1981,0.005
5/14/1981,0.007
5/15/1981,0.000
5/16/1981,0.256
5/17/1981,0.216
5/18/1981,1.325
5/19/1981,0.727
5/20/1981,0.343
5/21/1981,0.002
5/22/1981,0.021
5/23/1981,0.000
5/24/1981,0.000
5/25/1981,0.002
5/26/1981,0.000
5/27/1981,0.000
5/28/1981,0.000
5/29/1981,0.000
5/30/1981,0.061
5/31/1981,0.000
6/1/1981,0.002
6/2/1981,0.003
6/3/1981,0.000
6/4/1981,0.233
6/5/1981,0.032
6/6/1981,0.031
6/7/1981,0.295
6/8/1981,2.155
6/9/1981,0.018
6/10/1981,0.000
6/11/1981,0.000
6/12/1981,0.005
6/13/1981,0.038
6/14/1981,0.028
6/15/1981,0.000
6/16/1981,0.051
6/17/1981,0.031
6/18/1981,0.000
6/19/1981,0.000
6/20/1981,0.000
6/21/1981,0.028
6/22/1981,0.000
6/23/1981,0.000
6/24/1981,0.000
6/25/1981,0.000
6/26/1981,0.004
6/27/1981,0.034
6/28/1981,0.091
6/29/1981,0.001
6/30/1981,0.037
7/1/1981,0.007
7/2/1981,0.000
7/3/1981,0.000
7/4/1981,0.000
7/5/1981,0.015
7/6/1981,0.005
7/7/1981,0.188
7/8/1981,0.118
7/9/1981,0.008
7/10/1981,0.002
7/11/1981,0.020
7/12/1981,0.000
7/13/1981,0.000
7/14/1981,0.023
7/15/1981,0.067
7/16/1981,0.004
7/17/1981,0.000
7/18/1981,0.286
7/19/1981,0.312
7/20/1981,0.000
7/21/1981,0.000
7/22/1981,0.000
7/23/1981,0.000
7/24/1981,0.000
7/25/1981,0.000
7/26/1981,0.000
7/27/1981,0.000
7/28/1981,0.000
7/29/1981,0.051
7/30/1981,0.026
7/31/1981,0.000
8/1/1981,0.000
8/2/1981,0.001
8/3/1981,0.000
8/4/1981,0.000
8/5/1981,0.053
8/6/1981,1.438
8/7/1981,0.013
8/8/1981,0.018
8/9/1981,0.041
8/10/1981,0.000
8/11/1981,0.000
8/12/1981,0.000
8/13/1981,0.000
8/14/1981,0.000
8/15/1981,0.000
8/16/1981,0.000
8/17/1981,0.000
8/18/1981,0.002
8/19/1981,0.000
8/20/1981,0.000
8/21/1981,0.000
8/22/1981,0.000
8/23/1981,0.000
8/24/1981,0.006
8/25/1981,0.430
8/26/1981,0.115
8/27/1981,0.728
8/28/1981,0.000
8/29/1981,0.000
8/30/1981,0.625
8/31/1981,0.000
9/1/1981,0.010
9/2/1981,0.000
9/3/1981,0.000
9/4/1981,0.000
9/5/1981,0.023
9/6/1981,0.000
9/7/1981,0.000
9/8/1981,0.000
9/9/1981,0.158
9/10/1981,0.214
9/11/1981,0.002
9/12/1981,0.000
9/13/1981,0.005
9/14/1981,0.000
9/15/1981,0.000
9/16/1981,0.000
9/17/1981,0.000
9/18/1981,0.000
9/19/1981,0.000
9/20/1981,0.000
9/21/1981,0.000
9/22/1981,0.000
9/23/1981,0.000
9/24/1981,0.000
9/25/1981,0.000
9/26/1981,0.000
9/27/1981,0.000
9/28/1981,0.037
9/29/1981,0.023
9/30/1981,0.000
10/1/1981,0.000
10/2/1981,0.000
10/3/1981,0.000
10/4/1981,0.000
10/5/1981,0.000
10/6/1981,0.000
10/7/1981,0.000
10/8/1981,0.000
10/9/1981,0.000
10/10/1981,0.211
10/11/1981,0.000
10/12/1981,0.000
10/13/1981,0.000
10/14/1981,0.000
10/15/1981,0.000
10/16/1981,0.000
10/17/1981,0.000
10/18/1981,0.000
10/19/1981,0.000
10/20/1981,0.000
10/21/1981,0.000
10/22/1981,0.000
10/23/1981,0.000
10/24/1981,0.000
10/25/1981,0.000
10/26/1981,0.000
10/27/1981,0.000
10/28/1981,0.000
10/29/1981,0.042
10/30/1981,0.000
10/31/1981,0.000
11/1/1981,0.603
11/2/1981,0.010
11/3/1981,0.059
11/4/1981,0.118
11/5/1981,0.245
11/6/1981,0.796
11/7/1981,6.241
11/8/1981,16.444
11/9/1981,0.333
11/10/1981,0.992
11/11/1981,0.000
11/12/1981,0.007
11/13/1981,0.000
11/14/1981,0.171
11/15/1981,0.076
11/16/1981,0.000
11/17/1981,0.000
11/18/1981,0.004
11/19/1981,0.000
11/20/1981,0.585
11/21/1981,0.472
11/22/1981,0.059
11/23/1981,0.007
11/24/1981,0.037
11/25/1981,0.000
11/26/1981,0.000
11/27/1981,0.000
11/28/1981,0.000
11/29/1981,0.111
11/30/1981,0.000
12/1/1981,0.000
12/2/1981,0.044
12/3/1981,0.000
12/4/1981,0.473
12/5/1981,0.972
12/6/1981,1.694
12/7/1981,0.066
12/8/1981,0.054
12/9/1981,0.023
12/10/1981,0.080
12/11/1981,0.000
12/12/1981,0.074
12/13/1981,0.119
12/14/1981,0.000
12/15/1981,0.630
12/16/1981,0.338
12/17/1981,0.175
12/18/1981,0.755
12/19/1981,0.581
12/20/1981,2.656
12/21/1981,4.750
12/22/1981,5.322
12/23/1981,11.630
12/24/1981,2.638
12/25/1981,0.262
12/26/1981,0.017
12/27/1981,0.000
12/28/1981,0.159
12/29/1981,0.359
12/30/1981,1.911
12/31/1981,0.000
1/1/1982,0.111
1/2/1982,0.006
1/3/1982,0.207
1/4/1982,0.374
1/5/1982,0.196
1/6/1982,0.996
1/7/1982,1.188
1/8/1982,1.214
1/9/1982,0.477
1/10/1982,1.376
1/11/1982,1.335
1/12/1982,0.928
1/13/1982,0.427
1/14/1982,0.023
1/15/1982,0.687
1/16/1982,0.066
1/17/1982,0.000
1/18/1982,0.000
1/19/1982,0.000
1/20/1982,0.201
1/21/1982,0.324
1/22/1982,2.157
1/23/1982,0.216
1/24/1982,0.039
1/25/1982,0.000
1/26/1982,0.291
1/27/1982,0.100
1/28/1982,2.104
1/29/1982,0.354
1/30/1982,0.278
1/31/1982,0.383
2/1/1982,0.063
2/2/1982,0.041
2/3/1982,0.112
2/4/1982,0.197
2/5/1982,0.147
2/6/1982,0.000
2/7/1982,0.000
2/8/1982,2.213
2/9/1982,3.954
2/10/1982,0.013
2/11/1982,0.000
2/12/1982,0.000
2/13/1982,0.039
2/14/1982,0.309
2/15/1982,1.263
2/16/1982,0.198
2/17/1982,3.501
2/18/1982,7.527
2/19/1982,0.959
2/20/1982,0.791
2/21/1982,0.000
2/22/1982,0.174
2/23/1982,0.000
2/24/1982,0.263
2/25/1982,0.977
2/26/1982,2.380
2/27/1982,5.483
2/28/1982,1.302
3/1/1982,0.780
3/2/1982,0.481
3/3/1982,3.749
3/4/1982,6.425
3/5/1982,4.648
3/6/1982,1.699
3/7/1982,0.855
3/8/1982,3.225
3/9/1982,0.769
3/10/1982,1.333
3/11/1982,2.492
3/12/1982,1.566
3/13/1982,0.021
3/14/1982,0.000
3/15/1982,2.344
3/16/1982,6.283
3/17/1982,7.896
3/18/1982,13.033
3/19/1982,2.218
3/20/1982,0.378
3/21/1982,0.698
3/22/1982,0.805
3/23/1982,0.614
3/24/1982,0.320
3/25/1982,0.542
3/26/1982,1.330
3/27/1982,0.058
3/28/1982,0.067
3/29/1982,0.191
3/30/1982,0.000
3/31/1982,1.145
4/1/1982,2.458
4/2/1982,0.640
4/3/1982,0.000
4/4/1982,0.201
4/5/1982,0.054
4/6/1982,0.115
4/7/1982,0.000
4/8/1982,0.181
4/9/1982,0.104
4/10/1982,0.322
4/11/1982,0.078
4/12/1982,1.264
4/13/1982,3.040
4/14/1982,9.489
4/15/1982,10.862
4/16/1982,11.189
4/17/1982,2.560
4/18/1982,5.442
4/19/1982,7.287
4/20/1982,5.938
4/21/1982,2.112
4/22/1982,0.502
4/23/1982,17.757
4/24/1982,31.109
4/25/1982,6.961
4/26/1982,10.691
4/27/1982,4.149
4/28/1982,2.655
4/29/1982,0.500
4/30/1982,0.094
5/1/1982,1.185
5/2/1982,7.110
5/3/1982,9.078
5/4/1982,3.034
5/5/1982,1.944
5/6/1982,3.046
5/7/1982,4.327
5/8/1982,10.554
5/9/1982,1.339
5/10/1982,2.354
5/11/1982,2.940
5/12/1982,7.753
5/13/1982,5.315
5/14/1982,0.268
5/15/1982,1.380
5/16/1982,1.379
5/17/1982,0.747
5/18/1982,1.486
5/19/1982,0.014
5/20/1982,0.024
5/21/1982,0.608
5/22/1982,0.836
5/23/1982,0.023
5/24/1982,0.093
5/25/1982,0.087
5/26/1982,0.000
5/27/1982,0.022
5/28/1982,0.000
5/29/1982,0.000
5/30/1982,0.076
5/31/1982,0.386
6/1/1982,0.326
6/2/1982,0.044
6/3/1982,0.289
6/4/1982,0.451
6/5/1982,0.923
6/6/1982,2.167
6/7/1982,0.140
6/8/1982,0.000
6/9/1982,0.011
6/10/1982,0.339
6/11/1982,0.935
6/12/1982,0.190
6/13/1982,0.072
6/14/1982,0.774
6/15/1982,0.600
6/16/1982,0.099
6/17/1982,0.066
6/18/1982,0.055
6/19/1982,0.662
6/20/1982,0.681
6/21/1982,1.670
6/22/1982,1.404
6/23/1982,2.325
6/24/1982,0.246
6/25/1982,0.086
6/26/1982,0.426
6/27/1982,0.499
6/28/1982,0.066
6/29/1982,0.002
6/30/1982,0.025
7/1/1982,0.072
7/2/1982,0.125
7/3/1982,0.000
7/4/1982,0.001
7/5/1982,0.078
7/6/1982,0.099
7/7/1982,0.675
7/8/1982,0.000
7/9/1982,0.006
7/10/1982,0.026
7/11/1982,0.000
7/12/1982,0.000
7/13/1982,0.313
7/14/1982,0.815
7/15/1982,0.038
7/16/1982,0.073
7/17/1982,0.213
7/18/1982,0.831
7/19/1982,5.444
7/20/1982,2.144
7/21/1982,0.003
7/22/1982,0.005
7/23/1982,0.003
7/24/1982,0.038
7/25/1982,0.011
7/26/1982,0.165
7/27/1982,0.002
7/28/1982,0.028
7/29/1982,0.390
7/30/1982,0.626
7/31/1982,0.101
8/1/1982,0.047
8/2/1982,0.053
8/3/1982,0.090
8/4/1982,0.000
8/5/1982,0.000
8/6/1982,0.369
8/7/1982,0.283
8/8/1982,0.401
8/9/1982,0.164
8/10/1982,0.041
8/11/1982,0.050
8/12/1982,0.046
8/13/1982,0.000
8/14/1982,0.003
8/15/1982,0.095
8/16/1982,0.052
8/17/1982,0.053
8/18/1982,0.000
8/19/1982,0.000
8/20/1982,0.000
8/21/1982,0.000
8/22/1982,0.000
8/23/1982,0.023
8/24/1982,0.004
8/25/1982,0.000
8/26/1982,0.000
8/27/1982,0.000
8/28/1982,0.052
8/29/1982,0.357
8/30/1982,0.001
8/31/1982,0.000
9/1/1982,0.021
9/2/1982,0.000
9/3/1982,0.000
9/4/1982,0.000
9/5/1982,0.000
9/6/1982,0.000
9/7/1982,0.061
9/8/1982,2.514
9/9/1982,0.371
9/10/1982,0.000
9/11/1982,0.395
9/12/1982,0.005
9/13/1982,0.157
9/14/1982,0.000
9/15/1982,0.000
9/16/1982,0.270
9/17/1982,0.806
9/18/1982,0.003
9/19/1982,0.000
9/20/1982,0.042
9/21/1982,0.000
9/22/1982,0.000
9/23/1982,0.000
9/24/1982,0.000
9/25/1982,0.045
9/26/1982,0.000
9/27/1982,0.168
9/28/1982,0.570
9/29/1982,1.046
9/30/1982,1.451
10/1/1982,0.073
10/2/1982,0.000
10/3/1982,0.000
10/4/1982,0.000
10/5/1982,0.000
10/6/1982,0.000
10/7/1982,0.014
10/8/1982,0.000
10/9/1982,0.000
10/10/1982,0.000
10/11/1982,0.000
10/12/1982,0.000
10/13/1982,0.000
10/14/1982,0.000
10/15/1982,0.000
10/16/1982,0.000
10/17/1982,0.000
10/18/1982,0.000
10/19/1982,0.000
10/20/1982,0.000
10/21/1982,0.000
10/22/1982,0.000
10/23/1982,0.000
10/24/1982,0.000
10/25/1982,0.000
10/26/1982,0.133
10/27/1982,0.299
10/28/1982,0.999
10/29/1982,1.362
10/30/1982,1.669
10/31/1982,0.070
11/1/1982,0.000
11/2/1982,0.000
11/3/1982,0.000
11/4/1982,0.000
11/5/1982,0.000
11/6/1982,0.009
11/7/1982,0.000
11/8/1982,0.209
11/9/1982,0.000
11/10/1982,0.000
11/11/1982,0.000
11/12/1982,0.000
11/13/1982,0.000
11/14/1982,0.001
11/15/1982,0.000
11/16/1982,0.000
11/17/1982,0.015
11/18/1982,0.025
11/19/1982,0.025
11/20/1982,0.000
11/21/1982,0.000
11/22/1982,0.000
11/23/1982,0.000
11/24/1982,0.000
11/25/1982,0.000
11/26/1982,0.053
11/27/1982,0.480
11/28/1982,2.016
11/29/1982,0.421
11/30/1982,0.000
12/1/1982,0.004
12/2/1982,0.153
12/3/1982,1.661
12/4/1982,0.000
12/5/1982,0.000
12/6/1982,0.000
12/7/1982,0.000
12/8/1982,0.000
12/9/1982,0.000
12/10/1982,0.119
12/11/1982,0.023
12/12/1982,0.297
12/13/1982,0.716
12/14/1982,0.126
12/15/1982,0.012
12/16/1982,0.049
12/17/1982,0.318
12/18/1982,1.007
12/19/1982,0.276
12/20/1982,0.029
12/21/1982,0.146
12/22/1982,0.025
12/23/1982,0.463
12/24/1982,3.213
12/25/1982,3.950
12/26/1982,2.183
12/27/1982,2.754
12/28/1982,1.254
12/29/1982,0.221
12/30/1982,0.017
12/31/1982,0.059
1/1/1983,0.313
1/2/1983,0.889
1/3/1983,0.000
1/4/1983,0.000
1/5/1983,0.173
1/6/1983,0.000
1/7/1983,0.000
1/8/1983,0.000
1/9/1983,0.000
1/10/1983,0.000
1/11/1983,0.000
1/12/1983,0.043
1/13/1983,0.000
1/14/1983,0.000
1/15/1983,0.000
1/16/1983,0.031
1/17/1983,0.454
1/18/1983,0.511
1/19/1983,0.063
1/20/1983,0.228
1/21/1983,0.869
1/22/1983,0.471
1/23/1983,0.851
1/24/1983,1.715
1/25/1983,1.685
1/26/1983,5.143
1/27/1983,1.760
1/28/1983,15.547
1/29/1983,4.575
1/30/1983,2.578
1/31/1983,0.575
2/1/1983,0.053
2/2/1983,1.731
2/3/1983,4.171
2/4/1983,8.760
2/5/1983,18.301
2/6/1983,23.477
2/7/1983,21.337
2/8/1983,16.820
2/9/1983,8.126
2/10/1983,4.761
2/11/1983,0.539
2/12/1983,6.589
2/13/1983,6.673
2/14/1983,0.923
2/15/1983,0.759
2/16/1983,0.086
2/17/1983,1.727
2/18/1983,7.526
2/19/1983,2.209
2/20/1983,6.693
2/21/1983,3.539
2/22/1983,0.243
2/23/1983,0.000
2/24/1983,0.103
2/25/1983,0.113
2/26/1983,0.024
2/27/1983,0.000
2/28/1983,0.502
3/1/1983,0.000
3/2/1983,0.021
3/3/1983,0.295
3/4/1983,0.094
3/5/1983,2.580
3/6/1983,2.016
3/7/1983,5.108
3/8/1983,0.651
3/9/1983,0.217
3/10/1983,0.706
3/11/1983,2.036
3/12/1983,2.771
3/13/1983,1.293
3/14/1983,1.137
3/15/1983,0.598
3/16/1983,1.095
3/17/1983,1.017
3/18/1983,3.384
3/19/1983,5.221
3/20/1983,2.106
3/21/1983,1.518
3/22/1983,2.627
3/23/1983,6.070
3/24/1983,16.605
3/25/1983,17.585
3/26/1983,15.076
3/27/1983,7.899
3/28/1983,9.966
3/29/1983,6.583
3/30/1983,3.706
3/31/1983,0.107
4/1/1983,0.000
4/2/1983,0.287
4/3/1983,1.249
4/4/1983,3.546
4/5/1983,11.453
4/6/1983,8.131
4/7/1983,29.117
4/8/1983,3.015
4/9/1983,0.043
4/10/1983,0.000
4/11/1983,0.000
4/12/1983,0.070
4/13/1983,0.000
4/14/1983,0.054
4/15/1983,0.000
4/16/1983,0.094
4/17/1983,1.555
4/18/1983,0.108
4/19/1983,0.000
4/20/1983,0.000
4/21/1983,0.022
4/22/1983,0.000
4/23/1983,0.139
4/24/1983,0.367
4/25/1983,0.115
4/26/1983,0.000
4/27/1983,0.000
4/28/1983,0.000
4/29/1983,0.000
4/30/1983,0.000
5/1/1983,0.011
5/2/1983,0.188
5/3/1983,0.029
5/4/1983,0.013
5/5/1983,0.000
5/6/1983,0.005
5/7/1983,0.008
5/8/1983,0.046
5/9/1983,0.000
5/10/1983,1.515
5/11/1983,4.084
5/12/1983,0.984
5/13/1983,0.052
5/14/1983,0.332
5/15/1983,0.079
5/16/1983,0.085
5/17/1983,0.000
5/18/1983,0.000
5/19/1983,0.000
5/20/1983,0.000
5/21/1983,0.000
5/22/1983,0.291
5/23/1983,0.277
5/24/1983,0.000
5/25/1983,0.000
5/26/1983,0.000
5/27/1983,0.000
5/28/1983,0.045
5/29/1983,0.088
5/30/1983,1.965
5/31/1983,2.785
6/1/1983,0.276
6/2/1983,1.255
6/3/1983,6.161
6/4/1983,0.886
6/5/1983,0.937
6/6/1983,0.406
6/7/1983,0.469
6/8/1983,0.033
6/9/1983,0.046
6/10/1983,0.000
6/11/1983,0.000
6/12/1983,0.115
6/13/1983,0.159
6/14/1983,0.690
6/15/1983,2.951
6/16/1983,0.087
6/17/1983,0.000
6/18/1983,0.006
6/19/1983,0.000
6/20/1983,0.000
6/21/1983,0.000
6/22/1983,0.012
6/23/1983,0.731
6/24/1983,1.588
6/25/1983,0.287
6/26/1983,0.004
6/27/1983,0.000
6/28/1983,0.000
6/29/1983,0.000
6/30/1983,0.000
7/1/1983,0.000
7/2/1983,0.090
7/3/1983,0.023
7/4/1983,0.085
7/5/1983,0.025
7/6/1983,0.234
7/7/1983,0.015
7/8/1983,0.072
7/9/1983,0.698
7/10/1983,6.019
7/11/1983,0.361
7/12/1983,0.127
7/13/1983,0.990
7/14/1983,0.130
7/15/1983,0.127
7/16/1983,0.000
7/17/1983,0.179
7/18/1983,0.258
7/19/1983,0.000
7/20/1983,0.015
7/21/1983,0.000
7/22/1983,0.000
7/23/1983,0.000
7/24/1983,0.092
7/25/1983,0.057
7/26/1983,0.000
7/27/1983,0.024
7/28/1983,0.012
7/29/1983,0.209
7/30/1983,0.159
7/31/1983,1.292
8/1/1983,3.320
8/2/1983,5.315
8/3/1983,0.058
8/4/1983,0.052
8/5/1983,0.122
8/6/1983,0.570
8/7/1983,0.282
8/8/1983,1.279
8/9/1983,1.509
8/10/1983,0.000
8/11/1983,0.000
8/12/1983,0.000
8/13/1983,0.000
8/14/1983,0.060
8/15/1983,0.000
8/16/1983,0.024
8/17/1983,0.000
8/18/1983,0.000
8/19/1983,0.000
8/20/1983,0.000
8/21/1983,0.000
8/22/1983,0.000
8/23/1983,0.000
8/24/1983,0.000
8/25/1983,0.000
8/26/1983,0.000
8/27/1983,0.000
8/28/1983,0.000
8/29/1983,0.008
8/30/1983,0.000
8/31/1983,0.000
9/1/1983,0.000
9/2/1983,0.000
9/3/1983,0.000
9/4/1983,0.000
9/5/1983,0.000
9/6/1983,0.000
9/7/1983,0.000
9/8/1983,0.000
9/9/1983,0.000
9/10/1983,0.000
9/11/1983,0.000
9/12/1983,0.000
9/13/1983,0.000
9/14/1983,0.000
9/15/1983,0.000
9/16/1983,0.000
9/17/1983,0.000
9/18/1983,0.000
9/19/1983,0.000
9/20/1983,0.000
9/21/1983,0.000
9/22/1983,0.002
9/23/1983,0.000
9/24/1983,0.000
9/25/1983,0.000
9/26/1983,0.000
9/27/1983,0.000
9/28/1983,0.000
9/29/1983,0.000
9/30/1983,0.000
10/1/1983,0.056
10/2/1983,0.021
10/3/1983,0.000
10/4/1983,0.000
10/5/1983,0.103
10/6/1983,0.000
10/7/1983,0.000
10/8/1983,0.000
10/9/1983,0.000
10/10/1983,0.000
10/11/1983,0.000
10/12/1983,0.083
10/13/1983,0.000
10/14/1983,0.000
10/15/1983,0.000
10/16/1983,0.000
10/17/1983,0.000
10/18/1983,0.000
10/19/1983,0.000
10/20/1983,0.000
10/21/1983,0.000
10/22/1983,0.000
10/23/1983,0.008
10/24/1983,0.000
10/25/1983,0.001
10/26/1983,0.004
10/27/1983,0.012
10/28/1983,0.114
10/29/1983,0.000
10/30/1983,0.000
10/31/1983,0.000
11/1/1983,0.000
11/2/1983,0.000
11/3/1983,0.000
11/4/1983,0.000
11/5/1983,0.000
11/6/1983,0.000
11/7/1983,0.000
11/8/1983,0.000
11/9/1983,0.000
11/10/1983,0.037
11/11/1983,0.000
11/12/1983,0.000
11/13/1983,0.000
11/14/1983,0.000
11/15/1983,0.000
11/16/1983,0.000
11/17/1983,0.000
11/18/1983,0.000
11/19/1983,0.000
11/20/1983,0.000
11/21/1983,0.000
11/22/1983,0.000
11/23/1983,0.063
11/24/1983,0.025
11/25/1983,0.000
11/26/1983,0.000
11/27/1983,0.000
11/28/1983,1.101
11/29/1983,2.331
11/30/1983,1.987
12/1/1983,2.920
12/2/1983,1.499
12/3/1983,0.773
12/4/1983,0.054
12/5/1983,0.000
12/6/1983,0.000
12/7/1983,0.000
12/8/1983,0.000
12/9/1983,0.000
12/10/1983,0.000
12/11/1983,0.000
12/12/1983,0.009
12/13/1983,0.000
12/14/1983,0.000
12/15/1983,0.000
12/16/1983,0.000
12/17/1983,0.000
12/18/1983,0.000
12/19/1983,0.000
12/20/1983,0.000
12/21/1983,0.065
12/22/1983,0.043
12/23/1983,0.253
12/24/1983,0.055
12/25/1983,0.036
12/26/1983,0.129
12/27/1983,0.409
12/28/1983,0.000
12/29/1983,0.326
12/30/1983,0.333
12/31/1983,0.314
1/1/1984,0.000
1/2/1984,0.000
1/3/1984,0.009
1/4/1984,0.355
1/5/1984,1.228
1/6/1984,0.000
1/7/1984,2.793
1/8/1984,8.432
1/9/1984,6.369
1/10/1984,3.418
1/11/1984,0.587
1/12/1984,0.685
1/13/1984,0.795
1/14/1984,3.126
1/15/1984,0.384
1/16/1984,0.165
1/17/1984,0.000
1/18/1984,0.262
1/19/1984,0.144
1/20/1984,1.036
1/21/1984,0.000
1/22/1984,0.000
1/23/1984,0.060
1/24/1984,0.037
1/25/1984,0.000
1/26/1984,0.000
1/27/1984,0.000
1/28/1984,0.000
1/29/1984,0.006
1/30/1984,0.232
1/31/1984,0.000
2/1/1984,0.000
2/2/1984,0.000
2/3/1984,0.000
2/4/1984,0.198
2/5/1984,0.250
2/6/1984,0.298
2/7/1984,0.429
2/8/1984,4.751
2/9/1984,0.169
2/10/1984,0.004
2/11/1984,0.669
2/12/1984,0.317
2/13/1984,0.626
2/14/1984,1.210
2/15/1984,1.531
2/16/1984,0.003
2/17/1984,0.084
2/18/1984,0.112
2/19/1984,0.000
2/20/1984,0.123
2/21/1984,0.054
2/22/1984,0.000
2/23/1984,0.000
2/24/1984,0.031
2/25/1984,0.000
2/26/1984,0.000
2/27/1984,0.002
2/28/1984,1.114
2/29/1984,3.287
3/1/1984,14.238
3/2/1984,0.560
3/3/1984,4.547
3/4/1984,11.568
3/5/1984,10.648
3/6/1984,8.098
3/7/1984,7.427
3/8/1984,15.537
3/9/1984,3.370
3/10/1984,6.851
3/11/1984,10.848
3/12/1984,5.859
3/13/1984,2.022
3/14/1984,1.982
3/15/1984,5.525
3/16/1984,11.966
3/17/1984,7.508
3/18/1984,2.448
3/19/1984,1.039
3/20/1984,0.166
3/21/1984,2.184
3/22/1984,7.913
3/23/1984,19.434
3/24/1984,20.811
3/25/1984,3.464
3/26/1984,1.024
3/27/1984,3.045
3/28/1984,1.568
3/29/1984,8.497
3/30/1984,2.797
3/31/1984,0.651
4/1/1984,3.432
4/2/1984,12.286
4/3/1984,35.090
4/4/1984,21.733
4/5/1984,19.577
4/6/1984,21.898
4/7/1984,5.573
4/8/1984,2.031
4/9/1984,4.020
4/10/1984,2.148
4/11/1984,8.201
4/12/1984,2.517
4/13/1984,3.366
4/14/1984,7.544
4/15/1984,13.652
4/16/1984,9.368
4/17/1984,4.493
4/18/1984,6.151
4/19/1984,16.474
4/20/1984,13.833
4/21/1984,20.808
4/22/1984,12.979
4/23/1984,11.898
4/24/1984,7.019
4/25/1984,3.681
4/26/1984,4.329
4/27/1984,3.775
4/28/1984,0.858
4/29/1984,0.239
4/30/1984,0.817
5/1/1984,0.000
5/2/1984,0.256
5/3/1984,0.591
5/4/1984,0.830
5/5/1984,1.040
5/6/1984,0.122
5/7/1984,0.287
5/8/1984,0.295
5/9/1984,1.159
5/10/1984,0.184
5/11/1984,0.195
5/12/1984,10.775
5/13/1984,3.571
5/14/1984,7.742
5/15/1984,8.815
5/16/1984,2.927
5/17/1984,1.276
5/18/1984,1.420
5/19/1984,7.777
5/20/1984,13.888
5/21/1984,9.436
5/22/1984,4.829
5/23/1984,2.097
5/24/1984,9.309
5/25/1984,10.184
5/26/1984,5.726
5/27/1984,0.173
5/28/1984,0.001
5/29/1984,0.004
5/30/1984,0.052
5/31/1984,0.405
6/1/1984,0.069
6/2/1984,0.902
6/3/1984,0.838
6/4/1984,0.300
6/5/1984,0.540
6/6/1984,0.579
6/7/1984,0.084
6/8/1984,0.030
6/9/1984,0.051
6/10/1984,0.004
6/11/1984,0.192
6/12/1984,0.029
6/13/1984,0.000
6/14/1984,0.000
6/15/1984,0.037
6/16/1984,0.310
6/17/1984,0.751
6/18/1984,0.249
6/19/1984,0.096
6/20/1984,0.114
6/21/1984,0.095
6/22/1984,0.091
6/23/1984,0.027
6/24/1984,0.089
6/25/1984,0.643
6/26/1984,2.617
6/27/1984,0.347
6/28/1984,0.620
6/29/1984,0.097
6/30/1984,0.000
7/1/1984,0.535
7/2/1984,1.302
7/3/1984,3.612
7/4/1984,0.738
7/5/1984,0.263
7/6/1984,3.047
7/7/1984,1.234
7/8/1984,0.160
7/9/1984,0.156
7/10/1984,0.263
7/11/1984,0.165
7/12/1984,0.024
7/13/1984,0.393
7/14/1984,2.733
7/15/1984,0.493
7/16/1984,1.575
7/17/1984,3.419
7/18/1984,6.092
7/19/1984,1.432
7/20/1984,1.260
7/21/1984,0.232
7/22/1984,0.355
7/23/1984,0.452
7/24/1984,0.004
7/25/1984,0.000
7/26/1984,0.093
7/27/1984,0.450
7/28/1984,0.071
7/29/1984,0.000
7/30/1984,0.000
7/31/1984,0.069
8/1/1984,0.000
8/2/1984,0.000
8/3/1984,0.083
8/4/1984,0.000
8/5/1984,0.055
8/6/1984,0.000
8/7/1984,0.098
8/8/1984,0.018
8/9/1984,0.713
8/10/1984,0.828
8/11/1984,0.032
8/12/1984,0.000
8/13/1984,0.140
8/14/1984,0.220
8/15/1984,0.885
8/16/1984,0.082
8/17/1984,0.028
8/18/1984,0.728
8/19/1984,0.000
8/20/1984,0.411
8/21/1984,2.459
8/22/1984,7.675
8/23/1984,4.281
8/24/1984,0.717
8/25/1984,2.086
8/26/1984,5.965
8/27/1984,1.681
8/28/1984,0.069
8/29/1984,0.573
8/30/1984,0.302
8/31/1984,1.570
9/1/1984,0.713
9/2/1984,1.170
9/3/1984,2.332
9/4/1984,2.666
9/5/1984,0.094
9/6/1984,0.149
9/7/1984,0.150
9/8/1984,0.848
9/9/1984,0.194
9/10/1984,0.000
9/11/1984,0.150
9/12/1984,0.000
9/13/1984,0.063
9/14/1984,0.000
9/15/1984,0.012
9/16/1984,0.000
9/17/1984,0.097
9/18/1984,0.000
9/19/1984,0.000
9/20/1984,0.000
9/21/1984,0.000
9/22/1984,0.000
9/23/1984,0.000
9/24/1984,0.091
9/25/1984,0.134
9/26/1984,0.000
9/27/1984,0.000
9/28/1984,0.002
9/29/1984,0.044
9/30/1984,0.000
10/1/1984,0.000
10/2/1984,0.000
10/3/1984,0.000
10/4/1984,0.000
10/5/1984,0.826
10/6/1984,0.016
10/7/1984,0.000
10/8/1984,0.155
10/9/1984,3.977
10/10/1984,0.400
10/11/1984,1.439
10/12/1984,0.491
10/13/1984,0.079
10/14/1984,0.000
10/15/1984,0.000
10/16/1984,0.188
10/17/1984,0.030
10/18/1984,0.072
10/19/1984,0.000
10/20/1984,0.000
10/21/1984,0.000
10/22/1984,0.000
10/23/1984,0.000
10/24/1984,0.109
10/25/1984,0.058
10/26/1984,0.000
10/27/1984,0.768
10/28/1984,0.023
10/29/1984,0.000
10/30/1984,0.000
10/31/1984,0.000
11/1/1984,0.000
11/2/1984,0.000
11/3/1984,0.735
11/4/1984,0.277
11/5/1984,6.451
11/6/1984,0.048
11/7/1984,0.000
11/8/1984,0.000
11/9/1984,0.000
11/10/1984,0.000
11/11/1984,0.502
11/12/1984,0.131
11/13/1984,0.000
11/14/1984,0.513
11/15/1984,6.228
11/16/1984,0.078
11/17/1984,0.201
11/18/1984,0.000
11/19/1984,0.000
11/20/1984,0.048
11/21/1984,0.000
11/22/1984,0.000
11/23/1984,0.000
11/24/1984,0.000
11/25/1984,0.000
11/26/1984,0.230
11/27/1984,0.013
11/28/1984,0.000
11/29/1984,0.058
11/30/1984,0.000
12/1/1984,0.000
12/2/1984,0.000
12/3/1984,0.000
12/4/1984,0.000
12/5/1984,0.847
12/6/1984,0.412
12/7/1984,0.069
12/8/1984,0.000
12/9/1984,0.000
12/10/1984,0.000
12/11/1984,0.000
12/12/1984,0.000
12/13/1984,0.000
12/14/1984,0.000
12/15/1984,0.000
12/16/1984,0.000
12/17/1984,0.031
12/18/1984,0.000
12/19/1984,0.000
12/20/1984,0.000
12/21/1984,0.000
12/22/1984,0.005
12/23/1984,0.125
12/24/1984,0.188
12/25/1984,1.262
12/26/1984,0.000
12/27/1984,0.006
12/28/1984,0.000
12/29/1984,0.000
12/30/1984,1.743
12/31/1984,4.870
1/1/1985,3.488
1/2/1985,0.375
1/3/1985,0.069
1/4/1985,5.152
1/5/1985,0.526
1/6/1985,1.323
1/7/1985,2.820
1/8/1985,2.071
1/9/1985,6.244
1/10/1985,0.220
1/11/1985,4.612
1/12/1985,7.877
1/13/1985,1.873
1/14/1985,0.032
1/15/1985,2.071
1/16/1985,2.651
1/17/1985,5.041
1/18/1985,4.029
1/19/1985,10.116
1/20/1985,1.053
1/21/1985,3.314
1/22/1985,7.067
1/23/1985,18.892
1/24/1985,13.573
1/25/1985,13.582
1/26/1985,19.781
1/27/1985,5.226
1/28/1985,12.769
1/29/1985,16.223
1/30/1985,4.415
1/31/1985,16.570
2/1/1985,22.468
2/2/1985,15.739
2/3/1985,1.478
2/4/1985,6.933
2/5/1985,14.460
2/6/1985,16.102
2/7/1985,2.313
2/8/1985,1.030
2/9/1985,0.725
2/10/1985,4.288
2/11/1985,16.833
2/12/1985,21.017
2/13/1985,15.608
2/14/1985,16.215
2/15/1985,26.385
2/16/1985,8.202
2/17/1985,16.174
2/18/1985,23.626
2/19/1985,11.603
2/20/1985,21.463
2/21/1985,18.456
2/22/1985,9.697
2/23/1985,2.556
2/24/1985,0.145
2/25/1985,0.807
2/26/1985,0.199
2/27/1985,0.932
2/28/1985,4.759
3/1/1985,2.308
3/2/1985,0.842
3/3/1985,5.953
3/4/1985,13.654
3/5/1985,11.933
3/6/1985,2.400
3/7/1985,1.162
3/8/1985,0.221
3/9/1985,0.182
3/10/1985,0.185
3/11/1985,0.352
3/12/1985,0.683
3/13/1985,0.675
3/14/1985,1.673
3/15/1985,3.662
3/16/1985,1.031
3/17/1985,1.559
3/18/1985,3.272
3/19/1985,16.319
3/20/1985,12.163
3/21/1985,6.419
3/22/1985,4.079
3/23/1985,13.713
3/24/1985,26.032
3/25/1985,18.024
3/26/1985,11.261
3/27/1985,20.884
3/28/1985,24.597
3/29/1985,7.618
3/30/1985,9.251
3/31/1985,16.392
4/1/1985,12.230
4/2/1985,10.134
4/3/1985,8.537
4/4/1985,23.882
4/5/1985,15.934
4/6/1985,13.343
4/7/1985,8.262
4/8/1985,15.596
4/9/1985,14.822
4/10/1985,11.896
4/11/1985,27.637
4/12/1985,32.755
4/13/1985,12.262
4/14/1985,8.330
4/15/1985,6.704
4/16/1985,5.361
4/17/1985,3.739
4/18/1985,0.732
4/19/1985,1.343
4/20/1985,2.769
4/21/1985,2.281
4/22/1985,3.240
4/23/1985,9.866
4/24/1985,5.992
4/25/1985,8.982
4/26/1985,9.705
4/27/1985,12.707
4/28/1985,6.879
4/29/1985,7.450
4/30/1985,14.456
5/1/1985,2.051
5/2/1985,4.974
5/3/1985,9.913
5/4/1985,7.014
5/5/1985,5.039
5/6/1985,5.397
5/7/1985,1.839
5/8/1985,1.842
5/9/1985,3.881
5/10/1985,2.429
5/11/1985,0.053
5/12/1985,1.445
5/13/1985,1.616
5/14/1985,3.125
5/15/1985,1.195
5/16/1985,0.758
5/17/1985,0.056
5/18/1985,0.439
5/19/1985,0.324
5/20/1985,0.491
5/21/1985,2.649
5/22/1985,3.445
5/23/1985,3.849
5/24/1985,0.466
5/25/1985,0.451
5/26/1985,0.474
5/27/1985,0.382
5/28/1985,0.115
5/29/1985,0.000
5/30/1985,0.461
5/31/1985,1.284
6/1/1985,0.404
6/2/1985,0.513
6/3/1985,0.748
6/4/1985,5.678
6/5/1985,13.952
6/6/1985,10.552
6/7/1985,5.246
6/8/1985,1.656
6/9/1985,2.401
6/10/1985,1.915
6/11/1985,1.930
6/12/1985,4.213
6/13/1985,5.167
6/14/1985,1.679
6/15/1985,2.388
6/16/1985,2.825
6/17/1985,1.221
6/18/1985,4.177
6/19/1985,6.312
6/20/1985,1.293
6/21/1985,1.528
6/22/1985,5.446
6/23/1985,1.934
6/24/1985,0.464
6/25/1985,0.219
6/26/1985,0.184
6/27/1985,0.409
6/28/1985,0.216
6/29/1985,0.000
6/30/1985,0.072
7/1/1985,0.257
7/2/1985,0.647
7/3/1985,0.981
7/4/1985,1.775
7/5/1985,0.250
7/6/1985,0.185
7/7/1985,0.778
7/8/1985,0.842
7/9/1985,0.272
7/10/1985,0.985
7/11/1985,2.746
7/12/1985,0.618
7/13/1985,2.001
7/14/1985,4.730
7/15/1985,2.045
7/16/1985,1.912
7/17/1985,0.638
7/18/1985,0.268
7/19/1985,0.421
7/20/1985,0.106
7/21/1985,0.252
7/22/1985,0.702
7/23/1985,1.250
7/24/1985,0.084
7/25/1985,0.059
7/26/1985,0.055
7/27/1985,0.378
7/28/1985,0.221
7/29/1985,0.926
7/30/1985,0.991
7/31/1985,2.596
8/1/1985,0.300
8/2/1985,0.456
8/3/1985,1.107
8/4/1985,0.208
8/5/1985,0.214
8/6/1985,0.845
8/7/1985,1.706
8/8/1985,0.390
8/9/1985,0.103
8/10/1985,0.426
8/11/1985,0.093
8/12/1985,0.130
8/13/1985,0.072
8/14/1985,0.002
8/15/1985,0.110
8/16/1985,0.119
8/17/1985,0.220
8/18/1985,1.027
8/19/1985,0.045
8/20/1985,0.511
8/21/1985,0.124
8/22/1985,0.002
8/23/1985,0.111
8/24/1985,3.728
8/25/1985,0.547
8/26/1985,0.457
8/27/1985,0.000
8/28/1985,0.000
8/29/1985,0.000
8/30/1985,0.019
8/31/1985,0.000
9/1/1985,0.017
9/2/1985,0.002
9/3/1985,0.000
9/4/1985,0.001
9/5/1985,0.000
9/6/1985,0.000
9/7/1985,0.002
9/8/1985,0.000
9/9/1985,0.474
9/10/1985,0.843
9/11/1985,0.490
9/12/1985,0.538
9/13/1985,0.000
9/14/1985,0.660
9/15/1985,0.002
9/16/1985,0.000
9/17/1985,0.000
9/18/1985,0.011
9/19/1985,0.002
9/20/1985,0.018
9/21/1985,0.000
9/22/1985,0.002
9/23/1985,0.101
9/24/1985,0.010
9/25/1985,0.148
9/26/1985,0.246
9/27/1985,0.000
9/28/1985,0.000
9/29/1985,0.000
9/30/1985,0.000
10/1/1985,0.000
10/2/1985,0.044
10/3/1985,0.120
10/4/1985,0.003
10/5/1985,0.000
10/6/1985,0.000
10/7/1985,0.000
10/8/1985,0.000
10/9/1985,0.000
10/10/1985,0.000
10/11/1985,0.000
10/12/1985,0.000
10/13/1985,0.000
10/14/1985,0.000
10/15/1985,0.085
10/16/1985,0.087
10/17/1985,1.485
10/18/1985,0.031
10/19/1985,0.074
10/20/1985,0.000
10/21/1985,0.017
10/22/1985,0.000
10/23/1985,0.000
10/24/1985,0.115
10/25/1985,0.000
10/26/1985,0.000
10/27/1985,0.000
10/28/1985,0.000
10/29/1985,0.000
10/30/1985,0.000
10/31/1985,0.000
11/1/1985,0.000
11/2/1985,0.000
11/3/1985,0.000
11/4/1985,0.284
11/5/1985,0.220
11/6/1985,0.064
11/7/1985,0.258
11/8/1985,1.293
11/9/1985,0.642
11/10/1985,0.000
11/11/1985,0.000
11/12/1985,0.000
11/13/1985,0.000
11/14/1985,0.001
11/15/1985,0.012
11/16/1985,0.000
11/17/1985,0.000
11/18/1985,0.000
11/19/1985,0.006
11/20/1985,0.115
11/21/1985,0.100
11/22/1985,0.134
11/23/1985,0.000
11/24/1985,0.000
11/25/1985,0.000
11/26/1985,0.000
11/27/1985,0.000
11/28/1985,0.011
11/29/1985,0.006
11/30/1985,0.435
12/1/1985,0.016
12/2/1985,0.044
12/3/1985,0.664
12/4/1985,6.619
12/5/1985,1.034
12/6/1985,0.365
12/7/1985,0.616
12/8/1985,2.505
12/9/1985,4.323
12/10/1985,0.414
12/11/1985,2.028
12/12/1985,0.279
12/13/1985,1.543
12/14/1985,10.518
12/15/1985,22.672
12/16/1985,4.083
12/17/1985,1.723
12/18/1985,4.169
12/19/1985,0.345
12/20/1985,0.276
12/21/1985,0.165
12/22/1985,3.740
12/23/1985,11.011
12/24/1985,2.960
12/25/1985,1.472
12/26/1985,4.805
12/27/1985,2.353
12/28/1985,3.705
12/29/1985,4.261
12/30/1985,0.746
12/31/1985,1.338
