vazao,vazao_calc,chuva_media
0.0,0.0,3.543
0.0,0.0,0.245
0.0,0.0,0.037
0.0,0.0,5.036
0.0,0.0,0.262
0.0,0.0,1.353
0.0,0.0,2.226
0.0,0.0,2.654
0.0,0.0,3.966
0.0,0.0,0.009
0.0,0.0,1.802
0.0,0.0,7.696
0.0,0.0,1.908
0.0,0.0,0.0
0.0,0.0,2.634
0.0,0.0,2.566
0.0,0.0011703214,4.989
0.0,0.0041324245,1.837
0.0,0.0080861915,6.997
0.0,0.0,1.137
0.0,0.0,3.283
0.0,0.0,7.329
0.0,0.083181046,18.947
0.0,0.5786652,11.3
0.0,2.0825143,12.439
1.911,10.857405,21.97
0.16,12.466258,5.873
2.721,20.249577,12.295
1.911,31.822159,13.774
2.954,28.153399,4.895
2.721,51.965744,18.987
69.699,91.91998,21.593
296.112,107.155136,15.544
163.606,61.81414,1.78
72.251,59.872475,8.414
0.621,81.83242,15.654
185.045,104.25948,16.416
252.361,61.53168,2.016
170.642,37.108955,1.587
46.901,20.859976,0.89
1.737,22.497017,5.851
0.02,49.63412,18.12
246.909,97.51342,22.128
197.379,122.71242,17.396
174.202,141.69621,17.32
255.104,223.94788,28.229
526.277,159.46626,9.991
133.344,177.98112,18.99
485.423,224.4852,24.125
124.828,179.18416,13.187
312.259,219.6734,23.25
367.318,219.00291,19.581
447.515,150.25433,8.711
513.712,84.887215,2.259
103.497,44.234425,0.153
86.431,26.235476,1.224
70.546,12.910803,0.166
112.455,6.0737453,0.658
56.577,9.246704,6.069
58.309,7.585324,2.879
61.878,3.0244539,0.593
67.182,3.9005404,4.08
68.856,11.690605,12.128
108.439,22.271244,11.907
87.349,14.47076,1.818
78.337,7.8333488,1.075
24.599,2.653106,0.213
24.599,0.25203788,0.138
29.854,0.0,0.139
19.155,0.0,0.358
18.334,0.0,0.44
6.054,0.0,0.602
1.422,0.0,1.725
8.681,0.0,2.881
0.043,0.0,0.834
0.0,0.0,1.686
7.735,0.011259105,4.0
238.814,3.0016193,18.095
196.132,8.1350765,11.158
67.182,10.531303,6.016
18.334,11.366829,4.538
30.988,21.341036,13.897
133.344,59.68826,24.839
240.156,105.23192,21.916
201.137,115.2699,14.627
252.361,176.67673,24.615
632.758,234.63112,25.741
394.467,156.85419,8.471
216.433,124.223305,9.355
108.439,143.84966,17.093
286.004,133.56287,12.329
178.991,121.648834,11.213
133.344,105.07339,9.222
103.497,186.81746,26.999
216.433,170.04623,14.383
330.239,161.43362,14.524
294.66,124.94418,8.641
161.286,140.09317,15.922
170.642,136.78539,13.395
177.789,121.08178,10.694
226.862,214.55579,28.803
669.865,315.91928,32.015
517.291,228.91396,13.919
248.268,155.99509,8.321
131.195,123.64569,8.901
139.867,92.11345,5.862
113.468,72.14355,5.358
75.706,41.046825,0.47
58.309,28.852592,2.122
51.588,25.539099,3.744
42.507,22.79033,3.7
24.599,22.48002,4.503
18.334,35.150578,12.567
0.058,35.56838,6.556
49.993,40.025955,8.769
77.457,46.211094,9.891
88.27,62.306496,13.946
94.82,51.023228,4.73
58.309,50.30111,7.761
80.11,68.680374,14.776
137.68,45.88177,1.64
69.699,40.521687,4.294
65.523,45.030067,8.383
45.405,42.10076,5.439
29.854,38.099266,4.586
27.671,34.10262,4.059
22.683,25.849934,2.187
63.716,19.01792,1.791
24.599,19.43678,4.301
27.671,15.881565,2.411
20.0,8.203586,0.001
14.58,6.4647856,2.01
13.897,4.7322335,1.786
13.235,4.6763616,2.776
13.235,2.7474067,1.329
10.798,1.3539543,1.267
9.182,0.06438673,0.064
2.954,0.0,0.465
1.737,0.0,0.42
0.239,0.0,0.556
1.737,0.0,2.77
1.422,0.032191582,3.164
1.911,0.07310129,2.946
1.737,0.0,0.321
1.28,0.0,0.781
1.28,0.0,0.466
1.025,0.0,0.402
0.013,0.0,0.091
0.0,0.0,0.0
0.043,0.0,0.399
0.02,0.0,1.426
0.002,0.0,0.391
0.002,0.0,0.684
0.002,0.0,0.498
0.101,0.054915726,6.675
0.239,0.93220615,14.424
6.054,3.5712564,11.89
8.199,5.3183928,5.13
8.199,4.112213,1.895
4.019,5.24652,3.726
2.292,3.4883826,1.529
1.148,3.1634762,2.434
0.911,4.7215724,5.837
9.701,6.2766566,5.414
11.975,4.632213,1.849
3.2,4.741157,2.91
2.292,4.072106,2.395
2.721,1.8824201,0.924
1.422,2.9053764,5.046
2.721,4.3123074,6.175
2.954,2.3187044,1.185
2.292,1.1375624,1.367
1.28,2.1582668,5.788
1.025,1.2405547,1.645
2.721,0.094164796,0.352
1.574,0.0,0.209
1.148,0.0,0.193
0.621,0.0,0.346
0.4,0.0,0.26
0.34,0.0,0.0
0.197,0.0,0.0
0.287,0.0,0.096
0.197,0.0,0.312
0.101,0.0,0.599
0.101,0.0,1.619
0.058,0.0,0.109
0.043,0.0,0.102
0.043,0.0,0.359
0.058,0.0,0.969
0.03,0.0,0.157
0.004,0.0,0.942
0.002,0.0,2.103
0.058,0.0,0.209
0.03,0.0,2.349
0.911,0.011946571,4.201
0.4,0.0,1.87
0.197,0.0,2.038
0.197,0.0,0.57
0.239,0.0,0.204
0.16,0.0,0.345
0.013,0.0,0.094
0.02,0.0,0.004
0.007,0.0,0.667
0.004,0.0,0.966
0.0,0.0,0.095
0.004,0.0,0.015
0.007,0.0,0.058
0.013,0.0,0.0
0.004,0.0,0.197
0.0,0.0,0.92
0.0,0.0,0.367
0.0,0.0,1.413
0.0,0.0,0.203
0.0,0.0,0.392
0.0,0.0,0.898
0.0,0.0,0.12
0.0,0.0,0.109
0.0,0.0,0.78
0.0,0.0,1.979
0.0,0.0,0.433
0.0,0.0,0.088
0.0,0.0,0.438
0.0,0.0,0.092
0.0,0.0,0.004
0.0,0.0,0.025
0.0,0.0,0.002
0.0,0.0,0.12
0.0,0.0,0.075
0.0,0.0,0.246
0.0,0.0,1.685
0.0,0.0,0.046
0.0,0.0,0.46
0.0,0.0,0.128
0.0,0.0,0.002
0.0,0.0,0.124
0.0,0.0,3.914
0.0,0.0,0.535
0.0,0.0,0.451
0.0,0.0,0.0
0.0,0.0,0.0
0.0,0.0,0.0
0.0,0.0,0.0
0.0,0.0,0.0
0.0,0.0,0.0
0.0,0.0,0.0
0.0,0.0,0.183
0.0,0.0,2.273
0.0,0.0,0.308
0.0,0.0,0.283
0.0,0.0,0.428
0.0,0.0,1.567
0.0,0.0,2.077
0.0,0.0,0.179
0.0,0.0,1.503
0.0,0.0,0.101
0.0,0.0,0.745
0.0,0.0,10.583
0.002,0.17814448,23.018
0.0,0.09235327,4.296
0.0,0.0,1.183
0.0,0.0,3.338
0.0,0.0,0.242
0.0,0.0,0.302
0.0,0.0,0.074
0.0,0.0,3.32
1.422,0.16934979,11.88
0.0,0.0,2.184
0.0,0.0,0.603
0.0,0.0,4.657
0.0,0.0,2.021
0.0,0.0,2.569
0.0,0.0,3.757
0.0,0.0,0.492
0.0,0.0,1.59
0.0,0.5182812,17.424
0.0,2.1530855,10.857
0.0,4.0033197,7.789
0.0,5.7365756,6.639
0.0,15.8680315,18.423
0.0,29.010592,15.097
4.967,57.41533,19.82
2.096,70.213005,13.43
1.148,52.302143,4.247
4.32,27.309948,0.29
8.199,15.097281,0.983
3.2,17.098118,5.789
11.377,30.08305,13.244
2.721,38.40375,10.537
9.701,20.154049,0.473
4.32,12.189854,1.667
2.292,5.350002,0.647
1.911,2.8231502,1.918
1.025,0.16817603,0.0
0.709,0.0,1.355
0.197,0.0,1.492
0.128,0.0,0.071
0.013,0.0,0.415
0.078,0.0,2.969
1.148,0.0,3.704
1.911,1.3874084,12.85
8.681,5.6065583,11.757
8.199,11.073049,10.191
5.676,24.00665,14.653
4.019,36.333317,12.469
20.0,68.99413,19.58
70.546,100.33256,18.23
58.309,102.86142,12.569
66.35,89.90591,8.922
49.993,66.95065,4.639
29.854,70.54277,10.557
34.56,85.88132,14.158
92.931,62.098957,4.094
58.309,58.278316,7.733
70.546,57.606903,8.554
117.552,80.72963,16.157
270.389,172.23892,30.193
336.316,135.82527,10.182
138.772,73.72606,1.13
58.309,48.486988,2.478
35.809,29.824123,1.376
30.988,17.599615,1.034
27.671,11.170391,1.623
16.764,13.26324,5.136
21.764,29.21113,14.535
112.455,66.654755,20.715
97.681,58.10546,6.428
70.546,42.89496,3.471
58.309,23.624605,0.51
22.683,11.451266,0.064
15.285,10.019501,3.289
12.595,14.964545,7.884
16.013,17.591541,6.22
28.749,16.694843,4.193
24.599,14.328992,3.199
16.013,19.02952,8.331
49.993,19.064138,4.572
28.749,10.079316,0.591
20.869,4.0536227,0.17
13.897,2.7275262,2.228
10.24,4.1614833,4.806
3.459,11.597447,14.182
1.28,12.935326,4.765
29.854,21.166954,11.71
79.222,26.594109,8.968
70.546,17.920809,1.831
29.854,15.209703,3.196
20.869,16.423964,5.206
26.62,18.596434,6.5
24.599,24.073614,9.641
49.993,18.528435,2.783
29.854,8.586836,0.0
20.0,5.4222603,1.8
1.911,11.173525,10.94
23.628,32.461784,20.057
16.013,24.420885,2.643
66.35,16.020216,1.565
29.854,9.081551,0.907
21.764,3.9443219,0.395
12.595,0.95260084,0.2
9.182,0.0049440307,0.458
6.449,0.0,0.941
4.967,0.029594261,3.572
20.0,9.712598,23.239
58.309,16.456682,8.113
58.309,12.635737,1.737
29.854,14.720329,4.531
33.34,15.585367,3.794
25.596,10.70009,1.273
20.0,8.709725,2.101
15.285,11.20012,5.445
24.599,9.554726,2.402
20.0,5.5755997,0.855
12.595,2.3143969,0.305
7.735,0.62275803,0.47
6.449,0.08588049,1.092
4.967,0.0,0.762
3.732,0.0,1.538
2.721,0.0,1.131
1.911,0.0,0.0
2.292,0.0,0.0
1.574,0.0,0.0
1.025,0.0,0.108
0.806,0.0,0.0
0.911,0.0,2.353
0.911,0.0,3.007
1.025,0.12763809,4.401
1.28,0.0,1.744
1.737,0.0,1.569
2.292,0.0,0.431
2.721,0.0,0.96
2.292,0.0,1.054
1.911,0.0,0.043
1.574,0.0,0.205
1.28,0.0,0.332
0.806,0.0,1.109
0.467,0.0,0.329
0.4,0.0,0.202
0.54,0.0,0.279
0.467,0.0,0.95
0.54,0.0,0.249
0.4,0.0,0.0
0.4,0.0,0.299
0.34,0.0,0.685
0.4,0.0,0.063
0.287,0.0,0.447
0.287,0.0,3.141
0.4,0.029427063,7.306
0.287,0.0,0.177
0.287,0.0,0.178
0.287,0.0,0.224
0.287,0.0,1.313
0.287,0.01896136,6.193
0.4,0.046592902,3.114
0.4,0.0,0.188
0.4,0.0,0.005
0.287,0.0,0.307
0.239,0.0,0.325
0.197,0.0,0.125
0.043,0.0,0.0
0.0,0.0,0.0
0.0,0.0,0.0
0.0,0.0,0.0
0.0,0.0,0.105
0.0,0.0,0.16
0.0,0.0,0.0
0.0,0.0,0.933
0.0,0.0,0.857
0.0,0.0,0.016
0.0,0.0,0.215
0.0,0.0,3.111
1.96,0.0,3.172
0.0,0.0,1.114
0.0,0.0,0.304
0.0,0.0,0.244
0.0,0.0,0.271
0.0,0.0,0.63
0.0,0.0,0.766
0.0,0.0,0.324
0.0,0.0,0.865
0.0,0.0,4.874
0.0,0.03402178,12.021
0.0,0.0,1.026
0.0,0.0,0.599
0.0,0.026667504,5.841
7.179,0.21601115,7.401
8.167,0.0,0.0
7.664,0.0,0.0
7.179,0.0,0.632
6.263,0.0,0.026
5.02,0.0,0.19
0.393,0.0,0.086
0.393,0.0,0.0
0.307,0.0,0.0
0.12,0.0,0.0
0.0,0.0,0.0
0.0,0.0,0.0
0.0,0.0,0.0
0.0,0.0,0.0
0.0,0.0,0.0
0.0,0.0,0.037
0.0,0.0,0.0
0.0,0.0,0.121
0.0,0.0,0.0
0.0,0.0,0.102
0.0,0.0,0.134
0.0,0.0,0.0
0.0,0.0,0.011
0.0,0.0,2.826
0.0,0.0,0.328
0.0,0.0,0.766
0.079,0.0,0.25
0.12,0.0,0.0
0.0,0.0,0.283
0.0,0.0,0.407
0.0,0.0,0.331
0.0,0.0,2.309
0.0,0.0,4.48
0.0,0.0,1.579
0.0,0.0,6.658
0.0,0.14146377,20.615
21.989,0.0,0.457
20.375,0.0,0.627
15.952,0.0,0.077
14.226,0.0,0.417
3.289,0.0,2.432
2.445,0.0,0.73
0.721,0.0,0.399
0.307,0.0,0.0
0.024,0.0,0.03
0.0,0.0,0.0
0.0,0.0,0.0
0.0,0.0,0.0
0.0,0.0,0.142
0.0,0.0,0.0
0.0,0.0,0.0
0.0,0.0,0.0
0.0,0.0,0.172
0.0,0.0,0.47
0.0,0.0,0.0
0.0,0.0,0.199
0.0,0.0,0.0
0.0,0.0,0.0
0.0,0.0,0.0
0.0,0.0,0.0
0.0,0.0,0.286
0.0,0.0,0.0
0.0,0.0,0.0
0.0,0.0,0.063
0.0,0.0,0.325
0.0,0.0,0.0
0.0,0.0,0.804
0.0,0.0,0.132
0.0,0.0,3.733
0.0,0.0,0.0
0.0,0.0,0.118
0.0,0.003148745,0.179
0.0,0.013335537,0.377
0.0,0.028704429,5.822
0.0,0.108145796,14.848
0.49,1.0383629,18.112
0.307,0.9858751,3.715
15.053,1.0629468,3.93
7.664,1.4659525,4.385
1.168,0.0,0.449
0.307,0.0,0.779
0.599,0.068558946,5.294
0.721,0.5309044,8.668
9.786,2.2507827,12.514
26.642,5.6691313,11.848
31.139,16.41258,17.61
14.614,26.100945,12.149
52.38,39.010704,13.215
39.033,24.231808,1.564
20.905,17.559088,2.586
25.43,18.816387,5.522
35.318,24.821527,9.46
39.033,32.68239,10.707
37.521,51.336052,15.613
43.775,42.194927,4.499
39.033,28.256908,2.245
33.891,18.980537,2.121
27.886,19.63855,5.244
18.333,22.567902,7.329
0.0,31.96916,11.905
0.0,33.185474,7.326
57.019,30.277283,5.006
61.884,23.639807,3.379
0.0,9.948121,0.359
0.0,2.4552624,0.0
0.0,0.001964071,0.0
0.0,0.0,0.0
0.0,0.0,0.0
0.0,0.0,0.0
0.0,0.0,0.0
0.0,0.0,0.0
0.0,0.0,0.0
0.0,0.0,0.0
0.0,0.0,0.597
0.0,0.0,0.0
0.0,0.0,0.0
0.0,0.0,0.219
0.393,0.0,0.0
0.393,0.0,0.0
0.234,0.0,0.0
0.172,0.042991154,0.0
0.12,0.1948549,0.0
0.047,0.40538797,0.0
0.024,0.6357882,0.0
0.0,0.8595734,0.0
0.0,1.0602463,0.0
0.0,1.2289053,0.0
0.393,1.3620934,0.0
0.393,1.4600142,0.0
0.393,1.5251405,0.0
0.393,1.5611868,0.0
0.234,1.572396,0.0
0.12,1.5630666,0.0
0.12,1.5372617,0.0
0.0,1.499287,0.0
0.0,1.453464,0.798
0.0,1.4007853,0.05
0.393,1.3436077,0.206
0.234,1.2833959,0.0
0.234,1.2216121,0.0
0.234,1.1594201,0.0
0.024,1.0978385,0.148
0.079,1.0374242,0.0
0.599,0.979526,1.463
0.721,0.92534083,3.669
1.005,0.89076805,10.541
1.74,0.0,2.292
0.857,0.0,0.011
1.005,0.0,0.017
1.005,0.0052156057,0.005
1.535,0.018179605,0.189
0.857,0.034875393,0.47
0.721,0.05322353,0.158
0.721,0.072316624,1.697
1.005,0.091120064,1.51
4.278,0.10894977,1.55
2.195,0.12476424,0.0
1.005,0.13858375,0.766
0.857,0.1508171,2.36
1.344,0.16068381,0.03
0.857,0.16832961,0.146
0.599,0.17416795,1.132
0.393,0.17860888,2.284
0.12,0.18126091,0.0
0.49,0.18234615,0.0
0.857,0.18211937,0.0
0.857,0.1808697,0.618
0.857,0.17867817,0.076
0.721,0.17574367,0.374
0.857,0.17250153,3.141
0.857,0.16908716,3.989
0.857,0.16515315,0.0
0.721,0.16083178,0.206
0.721,0.1562026,0.0
0.721,0.15135235,0.0
0.857,0.14635444,0.0
0.857,0.14129709,0.522
0.857,0.13627085,1.573
0.857,0.13189192,7.408
1.005,0.15254416,4.94
0.857,0.014408235,4.066
0.599,0.0067905555,4.68
0.599,0.0,2.187
1.96,0.0,1.295
1.96,0.0,0.593
1.344,0.0,2.171
1.005,0.0007688579,0.688
0.857,0.0032926388,2.161
6.263,0.01195155,13.057
3.289,0.19419257,15.308
2.992,0.13327676,3.992
2.445,0.0,0.207
1.96,0.0,0.0
1.535,0.0,1.78
0.857,0.0,4.183
0.857,0.15381832,10.443
0.721,0.91779417,11.213
0.234,1.598222,5.085
0.0,0.6243388,2.519
0.0,0.30169085,3.141
0.0,0.73167384,5.108
0.0,0.018817043,1.891
0.0,0.15843292,4.522
0.0,0.95736533,11.114
0.0,2.0543332,7.477
0.0,3.6100314,7.829
0.0,4.9496617,6.099
0.0,9.735975,13.452
0.0,14.777019,10.662
3.289,16.143312,6.035
0.857,10.33877,2.094
0.0,11.095463,4.639
0.0,17.687756,12.441
0.0,14.856134,3.594
0.0,17.79795,7.891
1.535,25.701826,12.265
2.195,16.25676,1.833
2.445,14.519209,3.862
2.195,12.564899,3.644
0.393,6.075572,0.999
0.0,2.4120653,1.147
0.0,0.2326734,0.546
0.0,0.04039496,2.684
0.0,0.0,0.39
0.0,0.0,2.005
0.0,0.23574655,6.163
0.0,0.81765354,4.871
0.0,0.3584276,2.424
0.0,0.0,0.746
0.0,0.6060641,10.568
0.0,1.521471,5.359
0.0,0.50878733,1.807
0.0,1.3162518,5.345
0.0,3.3832273,9.125
0.0,2.001324,2.167
0.0,1.0898254,2.264
0.0,0.3598919,2.032
0.0,2.0010402,10.182
0.0,3.0083585,4.267
0.0,4.7343016,6.431
22.543,10.993272,14.051
20.375,18.540434,11.762
97.681,39.018967,18.141
88.27,40.414402,7.547
32.498,31.330038,3.171
27.26,53.427143,16.681
74.837,84.009155,18.192
242.848,166.57999,28.353
185.045,164.57782,15.726
83.7,146.15468,12.522
70.546,80.82951,1.241
0.0,46.87897,0.751
0.0,27.699583,0.62
0.0,24.041565,3.474
0.0,24.945478,5.159
0.0,25.97828,5.497
0.0,33.468777,9.404
0.0,38.53117,8.641
0.0,31.135517,3.458
0.0,31.823515,6.359
0.0,44.824295,12.829
0.0,59.070168,13.217
0.0,120.22523,25.5
0.0,150.94125,19.204
0.0,113.98878,7.661
0.0,123.774,14.524
0.0,143.70561,17.007
0.0,87.70858,2.785
0.0,75.1462,6.997
88.27,89.000565,13.21
0.0,81.40797,8.59
0.0,60.57165,3.946
0.0,43.575542,2.89
7.664,29.801394,1.995
6.263,27.154444,4.104
2.71,23.750637,3.684
1.96,18.352823,2.681
1.74,19.070852,4.913
0.0,18.816454,4.295
0.0,12.471173,1.798
0.0,11.667968,3.595
0.0,18.778143,11.495
0.0,27.784737,11.792
0.0,30.107487,7.348
0.0,32.67698,7.779
0.0,37.57706,8.678
0.0,46.874958,10.987
0.0,65.59586,14.557
0.0,60.2229,6.805
0.0,61.3446,8.638
0.0,48.328484,3.374
0.0,53.40957,9.292
0.0,42.07036,3.092
68.856,42.973103,7.034
0.0,53.7306,11.411
0.0,52.284454,7.101
0.0,55.294525,8.761
0.0,37.902653,1.658
0.0,33.007915,3.494
0.0,23.20471,1.507
0.0,17.596321,1.902
0.0,10.718086,0.618
0.0,6.709111,0.949
0.0,4.5981336,1.447
0.0,7.848498,6.84
0.0,9.179541,3.785
0.0,9.0250845,3.014
0.0,4.199443,0.175
0.0,1.5890735,0.413
0.0,0.7470257,1.425
0.0,0.10511135,1.016
0.0,0.068051636,2.32
0.0,0.0,1.683
0.0,0.0,2.153
0.0,0.0,2.038
0.0,0.12084579,4.452
0.0,1.4217803,10.921
0.0,2.9221566,5.962
0.0,1.0451176,0.722
3.289,0.0069226236,0.0
0.0,0.0,0.143
0.0,0.0,0.07
0.0,0.0,0.0
0.0,0.0,0.594
0.0,0.0,0.0
0.0,0.0,0.234
0.0,0.0,0.243
0.0,0.0,0.33
0.0,0.0,0.0
0.0,0.0,0.0
0.0,0.0,1.232
0.0,0.0,2.574
0.0,0.0,0.086
0.0,0.0,0.0
0.0,0.0,0.302
0.0,0.0,0.05
0.0,0.0,0.0
0.0,0.0,0.0
0.0,0.0,0.418
0.0,0.0,0.285
0.0,0.0,1.408
0.0,0.0,0.395
0.0,0.0,2.353
0.0,0.0,1.275
0.0,0.016156847,5.54
0.0,0.0,0.381
0.0,0.0,0.396
0.0,0.0,0.232
0.0,0.012353106,4.392
0.0,0.0,1.002
0.0,0.0,0.071
0.0,0.0,0.052
0.0,0.0,0.257
0.0,0.0,0.0
0.0,0.0,0.0
0.0,0.0,0.123
0.0,0.0,2.67
0.0,0.0,0.0
0.0,0.0,0.197
0.0,0.0,0.241
0.0,0.0,0.0
0.0,0.0,1.102
0.0,0.0,0.124
0.0,0.0,0.0
0.0,0.0,0.0
0.0,0.0,0.337
0.0,0.0,0.098
0.0,0.0,0.0
0.0,0.0,0.424
0.0,0.0,0.059
0.0,0.0,0.014
1.96,0.0,0.239
1.96,0.0,1.422
1.74,0.0,0.765
0.393,0.0,0.43
0.393,0.0,0.604
0.393,0.0,2.07
0.0,0.0,0.0
0.0,0.0,0.0
0.0,0.0,0.0
0.0,0.0,0.0
0.0,0.0,0.0
0.0,0.0,0.0
0.0,0.0,0.0
0.0,0.0,0.0
0.0,0.0,0.0
0.0,0.0,0.051
0.0,0.0,0.0
0.0,0.0,0.0
0.0,0.0,0.0
0.0,0.0,0.0
0.0,0.0,0.0
0.0,0.0,0.0
0.0,0.0,0.0
0.0,0.0,0.0
0.0,0.0,0.0
0.0,0.0,0.0
0.0,0.0,0.0
0.0,0.0,0.0
0.0,0.0,0.145
0.0,0.0,5.528
0.0,0.0,4.323
0.0,0.0,7.434
0.0,0.0,0.119
0.0,0.0,0.512
0.0,0.0,0.12
0.0,0.0,0.293
0.0,0.068879105,20.351
0.0,0.36570647,5.637
0.0,0.0,0.237
0.0,0.0,1.924
0.0,0.0,2.236
0.0,1.2612263,19.501
0.0,1.4430014,2.811
0.0,0.07132087,0.0
0.0,0.0,1.656
0.0,0.0,0.3
0.0,0.0,1.584
0.0,0.0,0.89
0.0,0.0,0.052
0.0,0.0,1.05
0.0,0.07611807,3.969
0.0,0.0,0.12
1.96,0.0,0.082
1.96,0.0,0.0
1.96,0.1010463,6.052
0.393,0.7378529,8.819
5.02,0.3746773,2.048
1.96,0.0,0.338
1.96,0.0,1.324
1.005,0.0,2.969
0.393,0.08766947,0.156
0.393,0.29847538,0.01
1.005,0.5775221,0.0
1.96,0.8838457,0.161
0.393,1.1862875,0.0
0.393,1.4651506,0.129
0.393,1.7095013,0.356
0.393,1.912352,0.052
0.393,2.083223,2.053
0.393,2.2118213,0.252
0.393,2.3006406,0.197
0.393,2.3527822,0.0
1.005,2.373562,0.104
1.96,2.3698175,0.588
1.96,2.3456976,0.598
1.96,2.3053832,0.709
1.96,2.2498882,0.0
0.393,2.1829264,0.052
0.393,2.107379,0.0
0.393,2.0260117,0.074
0.393,1.9407718,0.003
0.393,1.85342,0.0
0.393,1.7653865,0.0
0.393,1.6781969,0.252
0.393,1.5948771,1.884
0.393,1.5129478,0.0
0.393,1.4330202,0.0
0.393,1.3555534,0.0
0.393,1.2808746,0.0
0.393,1.2093544,0.185
0.393,1.1410104,0.085
0.393,1.0758448,0.0
0.393,1.0138794,0.0
0.393,0.95509595,0.0
0.393,0.90008545,1.434
0.393,0.8479903,0.0
0.393,0.79876953,0.091
0.393,0.75228256,0.0
0.393,0.70856607,0.468
0.393,0.6673519,0.0
0.393,0.6285517,0.085
0.393,0.5920699,0.187
0.393,0.5577487,0.0
0.393,0.5254777,0.0
0.393,0.4951482,0.0
0.393,0.466653,0.0
0.393,0.43990022,0.109
0.393,0.41479766,0.224
0.0,0.39122263,0.0
0.0,0.36908817,0.047
0.0,0.34835514,0.754
0.0,0.3288784,0.0
0.0,0.31058142,0.0
0.0,0.2933915,0.0
0.0,0.2772398,0.0
0.0,0.26207367,0.299
0.0,0.24782237,0.143
0.0,0.23442368,0.003
0.0,0.22182348,0.003
0.0,0.20997158,0.0
0.0,0.19882287,0.106
0.0,0.18833335,0.147
0.0,0.17845964,0.083
0.0,0.16916223,0.052
0.0,0.16040367,0.0
0.0,0.15215896,0.704
0.0,0.14438692,0.067
0.0,0.13705762,0.043
5.02,0.1301744,5.166
1.96,0.12677813,6.756
0.393,0.14510395,8.23
0.393,0.0,2.888
1.96,0.0,1.958
0.393,0.0,7.344
0.0,0.0,2.92
0.0,0.0,2.016
0.0,0.0,0.497
0.0,0.010955461,6.019
5.02,0.086241856,13.256
9.786,0.4050991,10.681
7.664,0.11544405,3.384
2.71,0.34941033,5.185
7.179,1.4252527,13.917
5.02,2.2212186,5.504
4.278,3.1647086,6.031
1.005,4.221693,6.375
0.393,8.8543,15.682
3.289,2.8336523,0.502
0.393,1.4002233,2.521
0.393,0.0,0.55
1.96,0.0,0.861
5.02,0.08438254,4.767
0.393,0.0,2.814
9.786,0.0,1.451
3.289,0.0,2.497
1.96,0.0,0.0
0.721,0.0,0.0
0.0,0.6505335,13.332
3.289,5.991475,17.864
15.499,22.195007,19.082
20.375,23.159796,5.342
9.786,23.119658,4.898
7.179,19.355682,3.27
3.289,16.01402,3.094
1.005,7.254637,0.032
1.005,2.7961254,0.421
1.96,1.0504775,1.299
1.96,0.0,0.251
1.96,0.0,0.984
0.393,0.0,0.0
0.393,0.0,0.0
0.0,0.0,0.0
0.0,0.0,0.0
0.0,0.0,0.644
0.0,0.0,0.0
0.0,0.07345905,0.0
0.0,0.31549758,0.0
0.0,0.65147763,0.0
0.0,1.0222542,0.0
0.0,1.3859097,0.0
0.0,1.7153066,0.0
0.0,1.9950844,0.0
0.0,2.2186446,0.0
0.0,2.3854723,0.0
0.0,2.4989476,0.0
0.0,2.5646667,0.0
0.0,2.5892482,0.0
0.0,2.7669787,10.069
0.0,2.972371,4.761
0.0,3.17315,5.302
0.0,0.09526042,0.231
0.0,0.0,0.696
0.0,0.007156588,1.598
0.0,1.8335053,29.737
167.11,8.70032,16.836
161.286,27.326498,19.465
70.546,29.57554,7.038
57.019,19.561308,1.998
26.032,21.38759,6.151
16.881,17.02453,3.211
5.02,16.271307,4.266
0.393,14.779712,3.952
0.0,16.872086,6.634
0.0,17.835386,5.81
0.0,7.56719,0.071
0.0,2.3085182,0.248
0.0,0.9053059,1.93
0.0,1.8033787,4.701
0.0,2.318755,4.166
0.0,12.897993,21.254
0.0,9.432805,2.6
0.0,4.096115,0.786
0.0,7.6687436,8.164
0.0,4.7578826,2.092
0.0,6.8184133,5.842
0.0,8.552961,5.44
0.0,5.1154275,2.029
0.0,8.859956,9.169
0.0,3.2168186,0.085
0.0,2.0073152,2.171
0.0,5.992431,10.872
0.0,9.880255,8.146
0.0,4.193453,0.348
0.0,3.1009097,2.454
0.0,2.6367443,2.862
0.0,2.5301986,3.179
0.0,4.2168756,5.932
0.0,3.372326,2.81
0.0,2.571319,2.738
0.0,2.4149864,3.258
0.0,3.0643916,4.02
0.0,0.9784625,1.288
0.0,0.0,0.358
0.0,0.0,1.863
0.0,0.43319815,9.824
0.0,3.0870085,12.986
0.0,3.9049783,3.976
0.0,5.760291,5.999
0.0,2.7944026,1.381
0.0,0.43725526,0.433
0.0,0.0,0.052
0.0,0.0,0.0
0.0,0.0,0.345
0.0,0.0,2.186
0.0,0.0,0.079
0.0,0.0,1.319
0.0,0.15734263,6.376
0.0,0.0,2.182
0.0,0.0,1.832
0.0,0.0,1.581
0.0,0.06747674,3.803
0.0,3.2887728,21.08
0.0,4.5764713,3.745
0.0,7.8606753,7.805
0.0,3.3926091,0.065
0.0,1.7532382,1.141
0.0,3.5307128,5.923
0.0,4.2385364,3.271
0.0,4.243334,2.838
0.0,2.0673254,1.01
0.0,0.26254633,0.055
0.0,0.0,0.294
0.0,0.22033004,5.709
0.0,0.024194362,1.723
0.0,0.3458361,4.562
0.0,0.91550195,4.143
2.992,0.40593022,1.814
2.71,0.0,0.931
18.832,0.37595043,8.209
29.813,0.4166904,2.718
31.814,2.9041994,13.265
23.674,0.62067324,0.0
20.375,0.0,0.043
16.881,0.0,0.303
16.413,0.0,0.518
14.614,0.0,0.074
12.861,0.0,1.818
10.959,0.0,0.112
8.688,0.0,0.502
8.167,0.0,0.107
6.712,0.0,0.755
5.417,0.0,2.064
7.664,0.36380544,10.162
13.534,2.5763154,12.289
83.7,6.672086,10.319
56.073,7.0498977,2.943
33.191,3.1583965,0.112
29.162,1.0097882,0.229
21.443,0.7838959,2.001
18.832,0.0010154658,0.043
15.499,0.0,0.692
9.786,0.12167998,3.609
5.417,0.0,0.46
4.278,0.0,0.017
3.932,0.0,0.336
6.712,0.28228295,7.388
4.641,1.1762692,6.481
15.499,0.35999107,1.109
36.778,0.98732156,4.199
39.801,1.6953896,3.487
35.318,0.95943904,1.695
32.498,1.9733548,5.906
27.26,0.48034263,0.596
28.52,0.0,0.676
38.273,0.05296811,3.078
31.814,0.3441503,4.233
20.375,0.0,0.367
10.959,0.08379024,4.247
10.959,0.0,0.15
10.959,0.0,0.339
8.688,0.05560417,3.697
8.167,0.0,1.435
6.712,0.0,0.597
5.831,0.03392289,0.0
3.602,0.16457792,0.0
1.96,0.35571155,0.028
1.74,0.58197254,1.488
4.278,0.95543563,6.8
2.445,0.0,0.0
1.96,0.02090689,0.0
1.74,0.109610826,0.0
1.344,0.24192889,0.0
2.445,0.39661807,0.0
1.535,0.5577517,0.094
1.168,0.7173136,1.222
0.721,0.865341,0.513
0.172,0.99621123,0.343
0.172,1.1082023,0.658
0.079,1.198324,0.02
0.079,1.2669848,0.0
0.047,1.316461,0.339
0.024,1.3478627,0.101
0.047,1.3695773,2.813
0.12,1.3772818,0.459
0.079,1.3752337,1.56
0.079,1.3638229,1.042
0.12,1.344522,1.009
0.857,1.3173507,0.157
0.857,1.2837145,0.0
0.721,1.2452089,0.064
0.721,1.2033004,0.782
0.599,1.1581664,0.0
0.49,1.1109334,0.0
0.307,1.0625321,0.0
0.12,1.0137212,0.0
0.047,0.9651092,0.0
0.172,0.9171996,0.038
0.599,0.87033814,0.0
0.49,0.82480526,0.0
0.079,0.7808092,0.0
0.079,0.73849314,0.0
0.047,0.69797033,0.059
0.079,0.6592705,0.0
0.12,0.62241596,0.004
0.079,0.5874001,0.0
0.079,0.5542139,0.079
0.047,0.52296156,0.963
0.079,0.4934597,0.429
0.079,0.4660338,3.396
0.079,0.44008207,0.07
0.047,0.41555452,0.077
0.047,0.39238858,0.011
0.047,0.37052613,0.0
0.047,0.34992748,0.236
0.047,0.33051446,0.053
0.047,0.31222394,0.0
0.024,0.29500428,0.12
0.047,0.27879423,0.085
0.307,0.26353434,0.0
0.857,0.24917078,0.0
0.721,0.23565201,0.0
0.234,0.22290978,0.009
0.079,0.21090278,0.0
0.047,0.19959071,0.0
0.047,0.18893519,0.0
0.047,0.1788985,0.0
0.12,0.16944477,0.0
0.172,0.16053976,0.0
0.079,0.15215084,0.008
0.079,0.14425023,0.386
0.079,0.13680536,0.114
0.079,0.12978807,0.081
0.079,0.12317146,0.0
0.047,0.1169326,0.25
0.079,0.1110573,2.339
0.079,0.10551481,0.862
0.047,0.100281395,0.15
0.047,0.09533759,0.0
0.047,0.09066603,0.0
0.079,0.08625005,0.0
0.079,0.08207423,0.0
0.079,0.07812414,0.0
0.079,0.07438612,0.0
0.12,0.07084753,0.0
0.172,0.06749643,0.0
0.12,0.06432233,0.601
0.079,0.06131397,0.0
0.12,0.05846168,0.0
0.12,0.055756226,0.141
0.12,0.053189304,0.117
0.12,0.050752904,0.67
0.079,0.04843892,0.0
0.079,0.04624047,0.0
0.079,0.044150945,0.0
0.079,0.042164218,0.0
0.079,0.040274654,0.0
0.079,0.038476728,0.0
0.079,0.036765482,0.0
0.079,0.035136074,0.0
0.079,0.033584137,0.0
0.079,0.032105353,0.0
0.047,0.030695815,0.0
0.079,0.029351842,0.0
0.079,0.02806994,0.0
0.079,0.0268468,0.0
0.079,0.025679382,0.0
0.079,0.02456479,0.709
0.079,0.02350032,1.107
0.079,0.022483267,0.008
0.079,0.021511376,0.104
0.079,0.020582186,0.0
0.079,0.019693613,0.024
0.079,0.018843608,0.0
0.079,0.018030329,0.0
0.079,0.017251918,0.045
0.047,0.016506648,0.0
0.047,0.015792917,0.0
0.047,0.015109247,0.051
0.047,0.014454187,0.051
0.047,0.0138263665,4.282
0.079,0.01322451,0.0
0.079,0.012647357,0.0
0.0,0.012093818,0.0
0.0,0.0115627665,0.0
0.0,0.011053132,0.0
0.0,0.0105640115,0.0
0.0,0.01009441,0.0
0.0,0.009643482,0.0
0.0,0.009210401,0.0
0.0,0.008794341,0.0
0.0,0.008394587,0.0
0.0,0.008010388,0.0
0.0,0.0076410873,0.0
0.0,0.007286082,0.0
0.0,0.0069446787,0.0
0.0,0.0066163316,0.0
0.0,0.006300515,0.0
0.0,0.0059966464,0.0
0.0,0.0057042562,0.0
0.0,0.005422875,0.0
0.0,0.0051520136,0.0
0.0,0.00489126,0.0
0.0,0.0046401997,0.0
0.0,0.00439842,0.0
0.0,0.0041655637,0.0
0.0,0.003941274,0.0
0.0,0.003725203,0.0
0.0,0.0035170226,0.0
0.0,0.003316413,0.0
0.0,0.0031230832,0.066
0.0,0.0029367416,0.0
0.0,0.002757135,0.0
0.0,0.0025839724,0.015
0.0,0.0024170277,0.0
0.0,0.0022560572,0.0
0.0,0.0021008167,0.0
0.0,0.0019511179,0.0
0.0,0.0018067358,0.0
0.0,0.0016674635,0.0
0.0,0.0015331225,0.0
0.0,0.0014035251,0.0
0.0,0.0012785023,0.0
0.0,0.001157866,0.0
0.0,0.0010414755,0.0
0.0,0.00092916144,0.0
0.0,0.00082078326,0.276
0.0,0.00071619987,0.602
0.0,0.0006152704,0.0
0.0,0.000517854,0.039
0.0,0.00042384732,0.0
0.0,0.00033310943,0.0
0.0,0.00024553706,0.0
0.0,0.00016252976,6.252
0.0,0.0,1.525
0.0,0.0,0.826
0.0,0.0,0.995
0.0,0.0,1.296
0.0,0.0,0.665
0.0,0.0,0.08
0.0,0.0,3.612
0.0,0.0,6.798
0.0,0.0,2.344
0.0,0.0,0.45
0.0,0.0,1.359
0.0,0.0,1.324
0.0,0.0,0.221
0.0,0.0,0.0
0.0,0.00050601864,10.509
0.0,0.0,4.138
0.0,0.005026446,11.99
0.0,0.0,1.427
0.0,0.0,0.0
0.0,0.0,0.0
0.0,0.0046207746,0.0
0.0,0.03832561,0.0
0.0,0.09071293,0.121
0.0,0.15239055,0.175
0.0,0.2162208,0.0
0.0,0.2774879,0.068
0.0,0.33305302,0.0
0.0,0.3811789,0.0
0.0,0.42109454,0.0
0.0,0.452798,0.092
0.0,0.47653592,0.0
0.0,0.4931244,0.222
0.0,0.5053379,2.876
0.0,0.5123387,1.226
0.0,0.51395166,0.0
0.0,0.5110189,0.0
0.0,0.50433064,0.0
0.0,0.49460492,0.0
0.0,0.48274323,0.649
0.0,0.47149983,6.492
0.0,0.48513043,5.674
0.0,0.0,0.165
0.0,0.0,0.0
0.0,0.0014465834,0.756
0.0,0.0059016626,4.756
0.0,0.014177126,9.613
0.0,0.16603069,17.334
0.0,0.31672063,4.648
0.0,0.05336537,3.349
0.0,0.057233207,4.27
0.0,0.29698825,8.047
0.0,0.8958707,9.564
0.0,0.019678283,1.919
0.0,0.0,1.343
0.0,0.11337605,7.602
0.0,0.40466267,5.131
0.0,0.03785152,2.91
0.0,1.5872748,18.003
0.0,2.566039,5.123
0.0,2.2783933,3.767
0.0,0.82475626,2.298
0.0,0.0,0.036
0.0,0.0,0.477
0.0,0.0,0.088
0.0,0.0,0.526
0.0,0.0,2.665
0.0,0.0,0.497
0.0,0.0,0.163
0.0,0.041294187,0.0
0.0,0.1936111,1.02
0.0,0.42692068,4.406
0.0,0.6932425,0.464
0.0,0.9593188,0.0
0.0,1.2041935,0.0
0.0,1.4177382,0.418
0.0,1.6008701,1.813
0.0,2.2588153,14.159
0.0,0.025893884,0.361
0.0,0.0,0.071
0.0,0.0,0.237
0.0,0.020103944,0.204
0.0,0.20903556,9.463
0.0,0.0,1.093
0.0,0.0,2.725
0.0,0.116992645,9.78
0.0,0.0,0.741
0.0,0.0,0.044
0.0,0.031702347,0.448
0.0,0.15524645,1.021
0.0,0.35316834,4.837
0.0,5.4178767,30.696
0.0,9.816714,9.684
0.0,14.832819,9.415
0.0,30.074034,16.344
0.0,83.51765,27.195
0.0,57.455063,3.365
9.786,79.55676,15.596
0.0,41.59064,0.0
0.0,23.394966,0.63
0.0,14.232479,1.318
0.0,7.821655,0.694
0.0,3.2756433,0.308
0.0,1.3402658,1.073
0.0,0.70151025,1.956
0.0,3.805974,8.845
0.0,56.442417,34.269
0.0,50.580887,5.69
0.0,39.690285,3.481
0.0,40.11342,6.63
0.0,66.66039,16.545
0.0,60.936703,7.114
0.0,60.15001,8.317
32.498,88.255165,17.045
57.019,108.13887,15.629
0.0,96.69427,9.431
0.0,74.5512,5.379
0.0,41.67969,0.337
0.0,34.905384,3.825
0.0,18.89184,0.091
0.0,10.355322,0.529
0.0,4.3025303,0.0
0.0,1.0588433,0.0
0.0,0.008025343,0.25
0.0,0.0,0.157
0.0,0.0,1.342
0.0,0.0,0.672
0.0,0.0,0.052
0.0,0.0,0.0
0.0,0.0,0.538
0.0,0.0,0.577
0.0,0.8232058,9.513
0.0,10.3825445,19.472
47.967,11.244349,3.382
0.0,6.1467733,0.352
0.0,2.54969,0.048
2.71,1.434106,1.286
2.445,0.82372016,1.568
0.393,0.012338059,0.187
0.0,0.0,0.143
0.0,0.0,0.0
0.0,0.0,0.0
0.0,0.0,0.578
0.0,0.006612424,2.906
0.0,0.0,1.676
0.0,0.0,1.02
0.0,0.0,0.554
0.0,0.0,0.536
0.0,0.0,1.76
0.0,0.0,1.874
0.0,3.7978427,24.506
0.0,3.8758652,2.657
26.032,9.062343,10.039
36.044,24.317553,16.301
107.444,61.160892,21.34
133.344,81.78116,14.192
29.162,72.26857,6.812
20.375,71.56229,8.631
7.664,46.450752,1.328
1.168,31.873268,1.409
2.445,31.105593,4.649
2.445,19.313076,0.485
0.172,12.335385,0.562
0.0,8.048451,0.799
0.0,5.348554,1.02
0.0,3.666086,1.261
0.0,4.28068,2.849
0.0,1.5888715,0.069
0.0,0.24760236,0.103
0.0,0.0,0.516
0.0,0.0,0.345
0.0,0.0,0.0
0.0,0.0,0.027
0.0,0.16356361,4.213
0.0,0.0,1.154
0.0,0.0,0.846
0.0,0.0,0.886
0.0,0.0,0.347
0.0,0.0,0.125
0.0,0.0,0.085
0.0,0.0,0.0
0.0,0.0,0.251
0.0,0.0,0.947
0.0,0.0,0.05
0.0,0.0,0.0
0.0,0.0,0.046
0.0,0.0,0.717
0.0,0.0,1.401
0.0,0.05579718,5.506
0.0,0.0,0.091
0.0,0.0,0.839
0.0,0.0,0.514
0.0,0.0,2.736
0.0,0.25155228,12.862
0.0,0.6853534,4.058
0.0,1.2421147,3.865
0.0,0.024658572,0.068
0.0,0.0,0.0
0.0,0.0,0.0
0.0,0.0,0.377
0.0,0.0,1.078
0.0,0.0,0.316
0.0,0.0,0.157
0.0,0.0,0.0
0.0,0.0,0.0
0.0,0.0,0.0
0.0,0.0,0.195
0.0,0.0,2.543
0.0,0.0,0.939
0.0,0.0,0.226
0.0,0.0,0.035
0.0,0.0,0.356
0.0,0.0,0.635
0.0,0.0,0.155
0.0,0.0,1.114
0.0,0.0,2.269
0.0,0.0,0.247
0.0,0.0,0.68
0.0,0.0,0.128
0.0,0.0,0.095
0.0,0.0,0.006
0.0,0.001452116,0.0
0.0,0.023838624,0.227
0.0,0.061159994,0.0
0.0,0.10704244,0.0
0.0,0.15651153,0.0
0.0,0.20590381,0.0
0.0,0.25265828,0.0
0.0,0.29510212,0.0
0.0,0.33225316,0.0
0.0,0.363675,0.029
0.0,0.38926917,0.015
0.0,0.4092019,0.0
0.0,0.4238289,0.0
0.0,0.4336107,0.0
0.0,0.4390631,0.0
0.0,0.4407196,0.0
0.0,0.4391046,0.0
0.0,0.4347182,0.0
0.0,0.42802742,0.011
0.0,0.4195288,0.223
0.0,0.40950623,0.0
0.0,0.39829412,0.0
0.0,0.38618565,0.004
0.0,0.37345785,0.118
0.0,0.36029977,0.025
0.0,0.3468874,0.0
0.0,0.33337402,0.0
0.0,0.31998932,0.733
0.0,0.30676827,0.424
0.0,0.29373282,0.0
0.0,0.28095302,0.0
0.0,0.2684903,0.074
0.0,0.2563837,0.065
0.0,0.24460933,0.0
0.0,0.23320453,0.005
0.0,0.2221953,0.0
0.0,0.21159936,0.0
0.0,0.20142636,0.0
0.0,0.19168033,0.0
0.0,0.18236044,0.0
0.0,0.17346174,0.0
0.0,0.16497648,0.0
0.0,0.15689453,0.0
0.0,0.14920425,0.011
0.0,0.14189224,0.0
0.0,0.13494432,0.0
0.0,0.12834604,0.0
0.0,0.12208268,0.0
0.0,0.11613914,0.0
0.0,0.11050047,0.0
0.0,0.10515216,0.0
0.0,0.10007986,0.0
0.0,0.09526973,0.0
0.0,0.09070827,0.0
0.0,0.086382456,0.0
0.0,0.08227998,0.0
0.0,0.07838881,0.0
0.0,0.074697524,0.0
0.0,0.07119545,0.0
0.0,0.0678722,0.0
0.0,0.06471797,0.0
0.0,0.061723545,0.0
0.0,0.058880124,0.0
0.0,0.056178767,0.0
0.0,0.053611845,0.0
0.0,0.05117214,0.0
0.0,0.048852783,0.0
0.0,0.046647158,0.0
0.0,0.044549216,0.0
0.0,0.042553134,0.0
0.0,0.040653348,0.0
0.0,0.03884468,0.0
0.0,0.03712231,0.0
0.0,0.03548159,0.0
0.0,0.033918157,0.0
0.0,0.03242795,0.021
0.0,0.031007104,0.0
0.0,0.029651897,0.0
0.0,0.028358987,0.0
0.0,0.027125027,0.0
0.0,0.025947087,0.0
0.0,0.0248222,0.0
0.0,0.02374766,0.0
0.0,0.022720952,0.0
0.0,0.02173963,0.0
0.0,0.020801349,0.106
0.0,0.019904114,0.0
0.0,0.019045748,0.0
0.0,0.018224373,0.0
0.0,0.017438184,0.0
0.0,0.016685475,0.0
0.0,0.015964644,0.058
0.0,0.0152741335,0.165
0.0,0.014612499,0.078
0.0,0.013978367,0.126
0.0,0.013370423,0.008
0.0,0.012787502,0.0
0.0,0.012228385,0.037
0.0,0.011691979,0.042
0.0,0.011177272,0.0
0.0,0.010683248,0.331
0.0,0.010208969,0.0
0.0,0.00975357,0.0
0.0,0.009316206,0.0
0.0,0.00889605,0.0
0.0,0.00849237,0.0
0.0,0.008104414,0.029
0.0,0.0077315243,0.015
0.0,0.0073730443,0.0
0.0,0.007028353,0.0
0.0,0.0066968496,0.0
0.0,0.006377952,0.0
0.0,0.006071209,0.0
0.0,0.0057760198,0.0
0.0,0.0054919333,0.002
0.0,0.00536614,8.503
0.0,0.20534217,25.236
0.0,4.9458094,25.526
0.0,1.1459658,1.096
0.0,0.0,0.127
0.0,0.0,0.704
0.0,0.0,0.0
0.0,0.0,0.0
0.0,0.0,0.0
0.0,0.0,0.002
0.0,0.0,0.0
0.0,0.0,0.0
0.0,0.06507856,0.0
0.0,0.28203195,0.771
0.0,0.5782176,0.0
0.0,0.89827776,0.0
0.0,1.2048938,0.0
0.0,1.4753728,0.0
0.0,1.6980864,0.0
0.0,1.8692348,0.0
0.0,1.9901531,0.0
0.0,2.065237,0.0
0.0,2.1004374,0.0
0.0,2.102241,0.0
0.0,2.0770137,0.0
0.0,2.0306306,0.0
0.0,1.9682786,0.0
0.0,1.8943982,0.0
0.0,1.8126919,0.0
0.0,1.726926,0.437
0.0,1.6391665,0.391
0.0,1.5508829,0.213
0.0,1.4640372,0.714
0.0,1.3796533,0.9
0.0,1.2974974,0.0
0.0,1.2194834,1.694
0.0,1.1465678,3.164
0.0,1.0765183,0.0
0.0,1.0106748,2.042
0.0,0.9481778,0.561
0.0,0.88923657,0.676
0.0,0.8337923,0.754
0.0,0.78154594,0.169
0.0,0.73239225,0.055
0.0,0.68635553,0.582
0.0,0.6433779,1.089
0.0,0.6034442,2.132
0.0,0.5664923,3.311
0.0,0.53179294,0.0
0.0,0.49927127,0.181
0.0,0.46880528,0.084
0.0,0.44027865,0.0
0.0,0.41367424,1.166
0.0,0.38917854,6.001
0.0,0.08146382,1.916
0.0,0.08524528,0.317
0.0,0.08806752,0.0
0.0,0.09027453,2.383
0.0,0.09185288,1.828
0.0,0.09311532,4.618
0.0,0.09384919,2.03
0.0,0.09461011,6.877
0.0,0.11037964,5.351
0.0,0.0,0.377
0.0,0.0,0.0
0.0,0.0,0.0
0.0,0.0,0.358
0.0,0.000126244,0.962
0.0,0.0020700446,0.036
0.0,0.0042849034,0.029
0.0,0.006597226,0.126
0.0,0.00902004,2.951
0.0,0.011416665,1.651
0.0,0.0149769345,9.257
0.0,0.037752893,5.27
0.0,0.07052425,5.224
0.0,0.060254794,4.622
0.0,0.0,0.716
0.0,0.0,0.0
0.0,0.0,0.0
0.0,0.0012567759,0.003
0.0,0.008523818,0.063
0.0,0.020377623,6.995
0.0,0.054620482,8.893
0.0,0.0,0.0
0.0,0.0,0.207
0.0,0.00029853324,0.65
0.0,0.01702607,0.391
0.0,0.04594774,1.415
0.0,0.08282523,2.065
0.0,0.12774503,5.573
0.0,0.026437748,0.054
0.0,0.054114114,3.239
0.0,0.0870278,2.911
0.0,0.12780266,6.671
0.0,0.20124285,7.7
0.0,0.0,0.644
0.0,0.0,0.337
0.0,0.002229052,6.889
0.0,0.0,1.342
0.0,0.012777076,9.475
0.0,0.21128526,11.461
0.0,0.5851854,6.584
0.0,1.8635231,12.571
0.0,7.6292663,18.857
40.579,20.78701,17.858
26.642,11.019151,0.797
0.393,4.5329123,0.392
0.0,3.330812,2.696
0.0,9.939157,12.328
18.832,25.995073,16.498
20.375,36.697117,11.318
7.179,31.43754,4.268
0.0,18.248896,1.064
0.0,27.028278,10.618
1.005,19.34591,2.526
0.0,8.681833,0.0
0.0,2.9189477,0.073
0.0,0.30488136,0.078
0.0,0.0,0.575
0.0,0.8362084,8.245
0.0,0.0,0.143
0.0,0.0,0.107
0.0,0.0,1.688
0.0,0.0,1.138
0.0,0.0,2.678
0.0,2.3331425,15.343
0.0,0.5569666,1.198
0.0,0.0,0.24
0.0,0.42168307,6.656
0.0,0.132574,2.577
0.0,0.03638694,2.546
0.0,0.73834944,6.629
0.0,0.0,0.808
0.0,0.18622665,4.169
0.0,2.6416094,12.579
0.0,11.746382,16.207
0.0,24.00389,13.305
0.0,25.076767,5.635
0.0,28.547337,7.451
0.0,28.80207,5.877
0.0,16.238897,0.607
0.0,8.195462,0.403
0.0,5.2324314,1.755
0.0,7.45926,5.514
0.0,13.288282,9.968
0.0,6.0874987,0.238
0.002,4.286174,2.2
0.393,8.1653805,8.4
0.079,12.225053,7.844
0.0,16.315928,7.768
0.0,45.4128,22.487
9.786,37.102085,3.815
1.005,30.96877,3.725
0.393,29.186209,4.923
0.0,29.977694,6.476
0.0,20.032595,1.804
0.0,12.885477,1.564
0.0,12.800348,3.899
0.0,26.822474,16.032
0.0,25.215563,4.406
9.786,18.175663,1.631
0.079,9.873558,0.054
1.005,20.042757,12.552
5.02,33.84266,12.855
40.579,98.55777,28.015
127.997,137.43521,19.251
61.884,81.01805,1.418
29.813,47.318222,0.198
14.226,41.482914,4.012
11.573,80.89328,19.072
12.207,47.122505,0.177
14.614,27.863142,0.0
7.179,16.359116,0.0
9.786,9.566039,0.215
8.167,5.388456,0.383
1.005,2.2329028,0.0
0.393,0.50495404,0.0
0.393,0.0,0.0
0.024,0.0,0.0
0.0,0.0,0.0
0.0,0.0,0.0
0.0,0.0,0.0
0.0,0.0,0.0
0.0,0.0,0.0
0.0,0.0,0.0
0.0,0.0,0.0
0.0,0.0,0.0
0.0,0.0,0.0
0.0,0.0,0.086
0.0,0.22337763,6.326
0.0,0.34073195,2.926
0.0,0.0,0.074
0.0,0.0,1.121
0.0,0.17253804,5.901
0.0,0.0,0.024
0.0,0.09433635,3.979
0.0,0.0,0.096
0.0,0.0,0.355
0.0,0.0,0.0
0.0,0.0,0.025
0.0,0.0,1.68
0.0,0.0,0.067
0.0,0.0,2.101
0.0,0.0,0.078
0.0,0.0,0.091
0.0,0.0026619167,3.105
0.0,0.0,0.075
0.0,0.0,0.166
0.0,0.0,0.299
0.0,0.020926652,3.594
0.0,0.0,0.165
0.0,0.0,0.044
0.0,0.0,0.085
0.0,0.0,0.0
0.0,0.0,0.093
0.0,0.0,0.0
0.0,0.0,0.089
0.0,0.0,0.743
0.0,0.0,0.0
0.0,0.0,0.098
0.0,0.0,0.0
0.0,0.0,1.352
0.0,0.0,3.305
0.0,0.0,3.571
0.0,0.0026470097,5.359
0.0,0.0,0.314
0.0,0.0,0.079
0.0,0.0,0.0
0.0,0.00032733264,0.0
0.0,0.017130053,0.0
0.0,0.04550961,0.051
0.0,0.08056479,0.373
0.0,0.11834751,0.237
0.0,0.15615864,0.424
0.0,0.19347058,2.316
0.0,0.2277305,0.608
0.0,0.25808856,0.605
0.0,0.28956467,6.279
0.0,0.0,0.0
0.0,0.0,0.393
0.0,0.005393117,0.178
0.0,0.014833632,0.182
0.0,0.050986193,14.184
0.0,0.658425,18.174
0.0,1.4099452,6.488
0.0,3.627322,11.954
3.419,112.37493,59.748
0.0,95.69714,8.68
0.0,125.77665,17.943
0.0,68.08549,0.909
0.0,36.960377,0.269
0.0,42.000324,8.264
0.0,24.82753,0.641
0.0,19.352556,2.581
0.0,10.27964,0.32
0.0,4.32612,0.015
0.0,1.1498553,0.078
0.0,0.019577006,0.231
0.0,0.04150895,2.926
0.0,0.0,2.067
0.0,0.0,0.364
0.0,0.6571409,7.401
0.0,0.0,0.012
0.0,0.0,0.254
0.0,0.0,0.074
0.0,1.1888722,10.79
0.0,27.133701,29.525
0.0,23.035889,3.33
0.0,11.902623,0.074
0.0,5.9435806,0.484
0.0,2.8823056,0.981
0.0,1.0109929,0.983
0.0,0.023857148,0.519
0.0,0.0,0.495
0.0,0.12595011,3.999
0.0,0.0,0.453
0.0,0.0,3.236
0.0,2.4555457,13.814
0.0,7.532179,10.436
0.0,4.1236916,1.261
0.0,1.4155992,0.715
0.0,0.028327914,0.148
0.0,0.0,0.068
0.0,0.0,0.434
0.0,0.0,0.106
0.0,0.0,0.624
0.0,0.0,1.702
0.0,0.19274294,5.917
0.0,0.0,0.097
0.0,0.0,2.986
0.0,0.0,0.0
0.0,0.0,0.853
0.0,0.0,0.171
0.0,0.0,0.225
0.0,2.5453508,21.488
0.0,0.11003637,0.193
0.0,0.0,0.033
0.0,0.0,0.157
0.0,0.0,0.321
0.0,0.0,1.973
0.0,0.049541563,4.536
0.0,0.0,1.493
0.0,0.0,0.016
0.0,0.0,0.019
0.0,0.0,2.175
0.0,0.0,0.0
0.0,0.058772556,0.0
0.0,0.26813608,2.866
0.0,0.5655226,0.947
0.0,0.89446306,0.15
0.0,1.214228,0.0
0.0,1.5003799,0.023
0.0,1.7400721,0.087
0.0,1.9393693,2.001
0.0,2.4339345,11.556
0.0,0.93079823,2.994
0.0,3.251276,20.453
0.0,2.26724,3.481
0.0,3.7394207,7.68
0.0,8.231831,13.948
0.0,1.859707,0.007
0.0,0.0,0.0
0.0,0.0,3.1
0.0,0.0,0.349
0.0,0.4507656,9.03
0.0,0.22260064,3.432
0.0,0.0,0.423
0.0,0.0,3.847
0.0,0.0,0.165
0.0,0.0,0.353
0.0,0.07534903,1.069
0.0,0.3227948,0.865
0.0,0.6816899,3.458
0.0,1.0809435,0.905
0.0,1.4679526,0.088
0.0,1.8116795,0.0
0.0,2.0960867,0.0
0.0,2.315505,0.0
0.0,2.4711428,0.0
0.0,2.568356,0.0
0.0,2.615759,0.205
0.0,2.6213417,0.0
0.0,2.59338,0.103
0.0,2.5503392,2.955
0.0,2.4937356,2.563
0.0,2.4211242,0.973
0.0,2.3337278,0.0
0.0,2.253084,5.448
0.0,2.2395685,8.629
0.0,2.7957888,14.774
0.0,0.67886025,2.03
0.0,0.065063976,2.74
0.0,0.0,0.598
0.0,0.0,0.488
0.0,0.08808006,10.118
0.0,0.8964977,13.358
0.0,6.0598793,19.718
0.0,14.952709,14.7
0.0,20.763012,9.562
0.008,8.994366,0.057
0.065,4.8483152,1.729
0.027,3.0850751,2.559
0.0,9.643565,12.821
0.082,19.037691,12.416
1.348,19.525368,5.272
0.0,13.166857,2.406
0.038,7.0440855,1.453
0.005,4.646035,2.554
0.0,0.7380444,0.094
0.027,0.0,0.551
0.05,4.593567,18.021
0.027,4.0871425,3.158
0.008,4.9985075,4.194
0.001,1.2819711,0.373
0.0,0.19453163,1.418
0.0,0.0,1.248
0.0,0.0019761038,3.644
0.0,0.78885037,8.227
0.0,3.2437375,9.273
0.0,1.190856,1.503
0.0,0.0,0.331
0.0,0.0,2.782
0.0,0.0,2.075
0.0,0.0,1.718
0.0,0.3315647,7.168
0.0,0.0,0.169
0.0,0.0,1.157
0.0,0.30498296,7.346
0.0,2.8282707,12.916
0.0,1.2367228,1.948
0.0,0.010688415,0.706
0.0,0.0,1.594
0.0,0.0,0.024
0.0,0.0,0.117
0.0,0.0,1.267
0.0,0.0,0.807
0.0,0.0,2.685
0.0,0.0,1.579
0.0,0.021259509,4.255
0.0,0.9943431,12.745
0.0,1.2860639,4.04
0.0,2.2914014,5.299
0.0,1.8407944,2.992
0.0,0.12790824,0.598
0.0,0.0,0.02
0.0,0.0710538,0.186
0.0,0.30977887,0.774
0.0,0.6510992,1.482
0.0,1.0355326,0.797
0.0,1.4883271,4.873
0.0,1.7934613,4.114
0.0,2.6187954,8.597
0.0,4.1052723,10.037
0.0,13.325073,22.516
0.0,14.541113,5.176
0.0,7.7029376,0.88
0.0,11.506576,8.426
0.0,59.13971,32.836
0.0,101.30302,20.543
0.0,72.49954,4.082
0.0,50.234627,2.782
0.0,46.106068,5.933
0.0,30.070494,1.626
0.0,16.297894,0.209
0.0,8.620262,0.494
0.0,3.2849686,0.0
0.005,3.7287188,3.419
0.008,5.201736,4.224
0.0,1.715038,0.42
0.0,0.1017075,0.255
0.0,0.0,0.3
0.0,0.0,0.032
0.0,0.0,0.155
0.0,0.56274736,7.432
0.0,1.0252296,3.174
0.0,0.014418154,0.033
0.0,0.37482473,4.39
0.0,0.18631728,2.006
0.0,0.0,0.924
0.0,0.0,0.063
0.0,0.0,0.474
0.0,0.0,0.048
0.0,0.0,0.0
0.0,0.0,0.169
0.0,0.0,0.015
0.0,0.0,0.207
0.0,0.0,0.0
0.0,0.0,1.865
0.0,0.2628803,9.828
0.0,0.0,0.182
0.0,0.0,0.0
0.0,0.0,0.0
0.0,0.0,0.047
0.0,0.00802692,0.802
0.0,0.1275752,0.938
0.0,0.34220344,0.0
0.0,0.6068336,0.0
0.0,0.88694763,0.0
0.0,1.1579343,0.0
0.0,1.4036458,0.0
0.0,1.614716,0.0
0.0,1.7870536,0.027
0.0,1.9213537,0.112
0.0,2.0218837,0.681
0.0,2.0880775,0.0
0.0,2.1239314,0.025
0.0,2.133918,0.098
0.0,2.12495,0.896
0.0,2.1063907,2.8
0.0,2.075003,1.278
0.0,2.0385773,3.147
0.0,1.9897244,0.109
0.0,1.9323363,0.52
0.0,1.8692372,0.806
0.0,1.800522,0.043
0.0,1.7289482,0.522
0.0,1.6554346,0.31
0.0,1.5826141,1.289
0.0,1.5149256,3.892
0.0,1.0909814,1.834
0.0,1.0698962,0.041
0.0,1.0438948,0.059
0.0,1.0142623,0.239
0.0,0.98177797,0.106
0.0,0.94810057,1.117
0.0,0.91287065,0.053
0.0,0.8766921,0.043
0.0,0.8472899,6.42
0.0,0.8861974,3.927
0.0,0.0,0.441
0.0,0.0,0.0
0.0,0.0,0.068
0.0,0.0010739664,1.286
0.0,0.009851446,5.404
0.0,0.0,0.245
0.0,0.0,2.16
0.0,0.004243433,0.131
0.0,0.01655442,0.447
0.0,0.033102117,0.029
0.0,0.052115213,0.136
0.0,0.0721244,0.0
0.0,0.092307806,0.665
0.0,0.11503443,5.525
0.0,0.15740132,3.682
0.0,0.0,0.18
0.0,0.0,0.233
0.0,0.001876386,0.659
0.0,0.010590951,0.336
0.0,0.022716068,0.189
0.0,0.03697717,0.438
0.0,0.05218818,0.0
0.0,0.06758446,0.281
0.0,0.08293765,1.555
0.0,0.09834828,3.244
0.0,0.11258109,0.284
0.0,0.12531377,0.01
0.0,0.13641813,0.0
0.0,0.14628065,1.536
0.0,0.15501335,2.057
0.0,0.16241252,1.296
0.0,0.16822065,0.086
0.0,0.17252542,0.001
0.0,0.1754603,0.037
0.0,0.17746697,2.204
0.0,0.18714283,9.913
0.0,0.0,1.099
0.0,0.0,0.077
0.0,0.0,0.0
0.0,0.007747211,1.592
0.0,0.02922,6.337
0.0,0.0,0.241
0.0,0.005245025,9.446
0.0,0.0,0.483
0.0,0.0,0.155
0.0,0.004983576,0.003
0.0,0.040971626,0.146
0.0,0.09805357,0.033
0.0,0.16676569,0.112
0.0,0.23963246,0.0
0.0,0.31129757,0.0
0.0,0.37810257,0.0
0.0,0.43876657,0.727
0.0,0.49098846,0.026
0.0,0.5341958,0.0
0.0,0.5684226,0.0
0.0,0.5940871,0.0
0.0,0.61191607,0.063
0.0,0.62281847,0.195
0.0,0.6275998,0.186
0.0,0.6269818,0.058
0.0,0.62174445,0.0
0.0,0.6126657,0.0
0.0,0.6004739,0.03
0.0,0.5857854,0.0
3.196,0.5688344,0.0
2.401,0.55020744,0.0
2.226,0.530403,0.0
2.983,0.5098412,0.0
2.983,0.4888701,0.0
2.586,0.46791378,0.574
2.983,0.4483111,5.875
0.0,0.45237043,7.153
0.0,0.0,0.995
0.0,0.0,0.064
0.0,1.2821656e-05,1.179
0.0,0.0056071873,2.394
0.0,0.013702077,0.897
0.0,0.023163294,0.168
0.0,0.033229824,0.541
0.0,0.04328749,0.459
0.0,0.053153757,1.692
0.0,0.062552094,1.734
0.0,0.07140256,2.352
0.0,0.079165205,0.222
0.0,0.08578911,0.226
0.0,0.0912409,0.0
0.0,0.09557384,0.03
0.0,0.09885747,0.0
0.0,0.10119118,0.08
0.0,0.10266621,0.05
0.0,0.10337505,0.0
0.0,0.1034145,0.0
0.0,0.10287676,0.0
0.0,0.10184795,0.005
0.0,0.1005272,2.062
0.0,0.098993935,2.708
0.0,0.09860069,8.505
0.0,0.28351486,19.308
0.0,0.0,1.045
0.0,0.0,0.0
0.0,0.0,0.016
0.0,0.0,0.016
0.0,0.01677903,0.0
0.0,0.09231284,0.457
0.0,0.20321016,0.0
0.0,0.3334197,1.551
0.0,0.46956155,1.498
0.0,0.59895265,0.375
0.0,0.71399516,0.0
0.0,0.81115735,0.016
0.0,0.8890806,0.0
0.0,0.947992,0.0
0.0,0.9891049,0.0
0.0,1.0142019,0.0
0.0,1.0253315,0.0
0.0,1.0246059,0.0
0.0,1.0140673,0.0
0.0,0.99560314,0.0
0.0,0.9711635,0.242
0.0,0.9419891,0.067
0.0,0.9097554,0.576
0.0,0.8754862,0.701
0.0,0.845802,6.918
0.0,0.00985712,1.026
0.0,0.021990163,0.67
0.0,0.035985965,0.0
0.0,0.050608214,0.0
0.0,0.064984664,0.057
0.0,0.07849198,0.0
0.0,0.09074148,0.0
0.0,0.98141634,32.2
0.0,4.246317,14.376
0.0,11.346251,14.426
0.0,13.288431,5.874
0.0,25.632143,15.142
0.4,82.80562,29.531
17.13,71.40061,7.433
11.798,49.070316,3.036
0.0,26.00639,0.162
0.0,14.341598,0.725
0.002,32.8799,15.353
0.0,19.691933,1.169
0.0,9.6173115,0.266
0.0,7.9548173,2.957
0.0,2.5278244,0.0
0.0,0.18340285,0.0
0.0,0.0,0.329
0.0,0.0,0.647
0.0,0.1724596,4.527
0.0,0.025233846,2.621
0.0,0.0,1.965
0.0,4.756898,19.273
0.0,18.64466,16.418
0.0,17.677498,4.605
0.0,66.36423,27.44
0.0,273.2699,47.674
0.0,201.26608,13.378
0.0,269.87457,28.23
0.0,196.07431,12.763
0.0,141.89793,9.331
0.0,120.7982,10.758
0.0,79.60529,4.207
0.0,62.77296,5.628
0.0,46.05054,3.976
0.0,40.66413,5.637
0.0,38.195942,6.387
0.0,45.500973,10.747
0.0,45.062595,8.003
0.0,29.472342,2.508
0.0,32.513157,8.212
0.0,56.736073,17.793
0.0,52.428867,7.571
0.0,40.24214,4.246
0.0,24.771294,1.95
0.0,28.796814,8.405
0.0,24.824615,4.496
0.0,12.569074,0.867
0.0,9.403749,3.149
0.0,3.3561437,0.661
0.0,3.2595322,3.932
0.0,1.0271467,1.716
0.0,0.0,0.079
0.0,0.0,0.372
0.0,0.0,3.892
0.0,0.0,0.0
0.0,0.0,0.13
0.0,0.0,0.174
0.0,0.48756576,9.422
0.0,0.0013920843,2.007
0.0,0.0,3.403
0.0,0.0,0.271
0.0,0.0,0.0
0.0,0.0,0.395
0.0,0.74887097,12.728
0.0,0.7416171,3.806
0.0,3.4265351,12.231
0.0,10.322494,14.577
0.0,15.487496,9.363
0.0,22.690197,10.768
0.0,10.256233,0.154
0.0,4.538621,0.961
0.0,1.4122808,1.057
0.0,0.0,0.066
0.0,0.0,0.225
0.0,0.0,0.519
0.0,0.0,0.0
0.0,0.0,0.0
0.0,0.0,0.0
0.0,0.0,0.053
0.0,0.0,0.806
0.0,0.0,0.029
0.0,0.0,0.0
0.0,0.0,0.122
0.0,0.0,0.0
0.0,0.0,0.973
0.0,0.44809255,11.457
0.0,1.5979472,8.131
0.0,6.283861,14.944
0.0,9.487362,7.804
0.0,7.45932,3.035
0.0,2.1887288,0.199
0.0,0.25665614,0.793
0.0,0.0,0.29
0.0,0.0,0.091
0.0,0.0,1.207
0.0,0.0,0.149
0.0,0.0,0.096
0.0,0.0,1.698
0.0,0.097167,4.815
0.0,1.9497935,14.769
0.0,6.145392,12.249
1.23,25.356937,22.084
0.0,32.528095,9.685
0.0,23.97022,2.847
0.0,15.090198,1.672
0.0,20.409678,8.51
0.0,45.309494,18.884
0.0,27.788166,1.435
0.0,14.788888,0.502
0.027,7.9708996,1.012
0.0,5.0278454,1.976
0.0,1.0853882,0.0
0.0,0.0,0.24
0.457,0.0,0.617
0.348,0.11739956,3.971
0.348,0.51407516,3.995
0.348,0.29690576,2.567
0.127,4.5640907,14.858
0.008,2.8465707,1.914
0.0,1.0900232,1.275
0.0,0.23070535,1.449
0.0,0.0,0.372
0.0,0.0,0.975
0.0,1.4006327,11.889
0.0,0.038004328,0.286
0.0,0.5598849,5.047
0.0,4.958553,13.57
0.0,2.1329007,0.989
0.0,0.14500116,0.0
0.0,0.0,0.0
0.0,0.0,1.386
0.0,0.0,0.074
0.0,0.0,0.011
0.0,0.0,0.079
0.0,0.0,0.185
0.0,0.0,0.981
0.0,0.0,0.167
0.0,0.0,0.367
0.0,0.0,2.038
0.0,0.0,0.0
0.0,0.0,0.0
0.0,0.104773276,5.571
0.0,0.0,0.988
0.0,0.0,2.305
0.0,0.0,1.154
0.0,0.0,3.87
0.0,0.0,2.423
0.0,0.0,3.263
0.0,0.0,2.121
0.0,0.0,0.64
0.0,0.0,1.107
0.0,0.0,1.835
0.0,0.0,0.374
0.0,0.0,0.0
0.0,0.0,0.0
0.0,0.0,1.799
0.0,0.0,0.381
0.0,0.0,0.403
0.0,0.0,3.612
0.0,2.249056,30.89
0.0,3.9615188,6.219
0.0,20.303213,22.976
0.0,21.679087,5.858
0.0,29.085623,10.214
0.0,35.836338,10.015
0.0,49.561268,13.388
0.0,35.981857,3.132
0.0,34.529316,6.077
0.0,17.554953,0.14
0.0,8.220358,0.306
0.0,2.644162,0.049
0.0,0.3989208,0.533
0.0,8.425801,17.143
0.0,21.890133,13.897
88.309,27.893955,8.023
9.382,17.195414,1.067
9.382,8.414512,0.085
0.915,3.3438525,0.131
0.0,0.87779313,0.425
0.0,0.11186195,1.178
2.059,1.0657783,5.719
98.807,5.0234075,10.176
75.818,2.800836,1.535
11.285,1.5656204,1.86
2.586,0.3553477,1.164
2.226,0.0,0.163
0.184,0.0,1.558
0.0,0.0,1.343
0.0,0.0,0.0
0.0,0.0,0.0
0.0,0.0,0.36
0.0,0.0,0.345
0.0,0.0,0.407
0.0,0.0,0.152
0.0,0.0,0.639
0.0,0.39478377,9.619
0.0,0.14145212,2.559
0.0,0.0,0.0
0.0,0.0,0.0
0.0,0.10120072,4.797
0.0,0.6168474,6.723
0.0,2.6383457,11.885
0.0,0.4941656,0.707
0.0,0.0,0.0
0.0,0.0,0.0
0.0,0.0,0.0
0.0,0.0,0.0
0.0,0.0,0.0
0.0,0.0,0.022
0.0,0.0,0.056
0.0,0.0,0.093
0.0,0.0,0.004
0.0,0.08818271,6.583
0.0,0.0,0.1
0.0,0.116438374,7.649
0.0,1.8953878,16.745
0.0,3.2365234,6.425
0.0,9.265725,15.426
0.0,63.991375,36.51
0.0,45.56088,3.696
0.0,71.51783,16.987
0.0,101.275505,18.101
0.0,188.69713,29.148
0.0,169.57942,15.049
0.0,185.46196,19.449
0.0,257.26102,28.166
0.0,209.05629,15.589
0.0,169.06621,12.979
0.0,245.53284,28.049
164.058,463.6006,45.859
399.773,491.09637,37.09
413.437,371.45248,24.203
392.257,236.4084,12.863
407.343,209.31738,17.0
428.819,199.59726,17.71
395.257,176.82858,14.795
203.47,157.87646,13.738
362.731,224.21527,26.055
344.008,227.43108,20.411
374.438,232.15688,20.799
365.645,225.31891,19.469
228.614,120.74276,3.038
125.955,80.59885,4.166
80.729,44.593372,0.809
75.818,23.285545,0.195
69.822,10.867896,0.0
48.591,5.1060696,0.826
45.965,22.597075,16.384
36.407,11.346195,0.435
24.708,7.465099,2.119
16.471,3.7150278,1.398
10.787,0.5255411,0.078
7.706,0.0,0.0
4.414,0.0,0.0
2.059,0.0,0.21
0.0,0.0,0.749
0.0,0.0,0.346
0.0,0.0,2.717
0.0,0.0,0.179
0.0,0.20577997,5.542
0.0,0.0,1.627
0.0,0.78201723,10.385
0.0,7.858153,17.878
0.0,5.6278324,2.757
0.0,1.6418543,0.427
0.0,0.014296945,0.134
0.0,0.0,0.343
0.0,0.21519296,5.018
0.0,0.0,1.338
0.0,0.0,0.598
0.0,0.0,2.801
0.0,0.48433885,8.403
0.0,0.0,0.0
0.0,0.0,0.067
0.0,0.0,2.784
0.0,0.16088957,5.507
0.0,0.6860823,5.475
0.0,0.0,0.142
0.0,0.0,0.219
0.0,0.0061292024,4.042
0.0,0.05346084,4.085
0.0,0.0,2.01
0.0,0.0,0.558
0.0,0.0,0.0
0.0,0.0,0.0
0.0,0.0,0.242
0.0,0.0,0.347
0.0,0.0,2.33
0.0,0.0,0.11
0.0,0.0,0.0
0.0,0.0,0.239
0.0,0.0,0.0
0.0,0.0,0.0
0.0,0.0,0.0
0.0,0.0,0.0
0.0,0.0,0.0
0.0,0.0,1.68
0.0,0.0,0.207
0.0,0.0,0.778
0.0,0.0,0.478
0.0,0.0,0.457
0.0,0.0,0.71
0.0,0.0,0.33
0.0,0.0,1.9
0.0,0.0,0.004
0.0,0.0,0.055
0.0,0.0,0.0
0.0,0.0,0.155
0.001,0.0077942708,7.612
0.008,0.0,2.149
0.0,0.0,1.357
0.0,0.0,0.297
0.0,0.0,0.273
0.0,0.0,0.009
0.0,0.0,0.107
0.0,0.0,0.624
0.0,0.0,1.48
0.0,0.0,0.156
0.0,0.0,0.452
0.0,0.0,1.399
0.0,0.0020319272,5.992
0.0,0.51471,22.446
0.0,0.0,0.662
0.0,0.0,0.0
0.0,0.0,0.033
15.285,11.9860935,36.546
16.013,65.373116,29.729
13.235,60.428947,7.391
2.721,46.473766,3.987
0.621,27.146702,0.973
0.34,13.463749,0.047
0.34,5.8109045,0.15
0.007,2.4009097,0.941
0.0,1.4888448,2.336
0.0,2.9649918,4.977
0.0,5.5332093,6.56
0.0,7.2599964,5.007
0.0,10.481542,7.276
0.0,7.856736,2.782
0.0,5.378517,2.488
0.0,2.219416,1.322
0.0,0.91678303,2.036
0.0,1.9036808,5.078
0.0,4.940397,10.103
0.0,10.416294,11.53
0.0,14.897607,8.73
0.0,8.507925,1.467
0.0,6.0454426,2.585
0.0,28.38397,24.046
0.0,19.418121,2.192
0.0,41.614647,17.174
0.0,61.350967,14.707
0.0,58.46063,7.955
0.0,39.04006,2.417
0.0,35.241737,5.063
0.0,55.299286,15.363
0.0,64.02179,11.622
0.0,37.88559,1.24
0.0,19.367012,0.0
0.0,10.556294,0.839
0.0,13.508916,5.969
0.0,8.243877,1.644
0.0,7.2404227,3.268
0.0,5.267989,2.582
0.0,3.375012,2.299
0.0,5.099422,5.315
0.0,1.6244681,0.811
0.0,1.0558652,2.778
0.0,2.2984717,5.671
0.0,9.629599,15.997
0.0,28.016737,18.66
0.0,43.920002,13.761
0.0,39.636395,5.526
0.0,86.763954,23.679
0.0,176.75066,29.654
0.0,479.2515,53.446
0.0,342.14215,21.026
0.0,264.411,17.571
0.0,178.58739,9.898
10.798,238.32932,25.549
130.126,262.53946,23.754
88.27,244.27914,19.629
84.607,180.59064,11.619
250.994,266.24048,29.08
252.361,171.04872,8.57
266.187,182.4489,18.112
248.268,261.10892,28.295
229.498,220.68243,16.125
211.288,167.50893,10.916
194.888,336.92972,38.568
177.789,196.0208,7.979
161.286,113.257576,3.145
114.484,81.62735,4.619
105.463,117.44459,18.126
156.682,83.030136,4.439
149.87,86.31677,10.889
120.65,46.923756,0.091
113.468,25.975937,0.083
104.478,25.066984,4.272
23.628,21.144808,3.217
15.285,33.748642,11.724
5.313,39.188396,8.578
2.954,38.77349,6.417
1.737,21.062067,0.124
29.854,10.484403,0.0
26.62,4.4568677,0.096
6.054,2.5521035,1.608
4.636,4.753225,5.622
4.019,2.1845634,1.149
2.5,0.28780612,0.368
2.292,5.559108,14.676
11.975,5.4894485,3.212
7.735,1.9621294,0.464
2.721,0.112637974,0.0
1.28,0.0,1.294
2.721,0.2746124,5.081
2.5,0.0,1.37
1.737,0.0,1.529
3.459,0.0,1.858
3.459,0.0,0.24
1.422,0.0,0.0
0.467,0.0,0.0
42.507,20.609032,37.131
15.285,22.70146,4.887
4.636,22.109373,3.563
2.721,22.178465,4.049
71.396,206.64688,54.065
77.457,148.91527,8.281
85.517,87.764595,1.657
35.809,62.132893,2.766
24.599,37.34768,0.266
9.182,24.007872,0.639
5.313,15.920344,0.815
79.222,23.545555,8.058
32.15,26.080385,5.532
16.013,18.060312,1.212
9.182,12.389069,1.138
5.313,9.701135,1.826
2.721,6.1976676,1.002
73.971,10.305943,7.036
29.854,6.838201,1.172
11.377,4.7589874,1.473
3.732,1.8285024,0.192
4.32,3.2031121,4.16
20.0,7.9581594,10.131
3.459,3.5824897,0.073
0.54,1.0605154,0.05
0.239,0.110795565,0.447
0.0,0.0,0.454
0.0,0.0,0.386
0.0,0.0,2.099
27.671,0.19922806,4.499
11.377,0.4763945,3.013
4.32,0.022835735,0.923
1.148,0.0,0.064
0.287,0.0,0.41
0.03,0.0,0.604
0.001,0.0,0.087
0.0,0.024561897,3.112
0.0,0.0,0.0
0.0,0.0,0.078
0.0,0.0,0.153
0.0,0.0,1.385
0.0,0.028632777,3.297
0.0,0.0,0.751
0.0,0.0,0.334
0.0,0.0,0.0
0.0,0.0,0.127
0.0,0.0,0.052
0.0,0.0,0.022
0.0,0.0,0.103
0.0,0.0,0.175
0.0,0.0,0.234
0.0,0.0,1.91
0.0,0.0,0.0
0.0,0.0,0.184
0.0,0.0,0.415
0.0,0.0,0.022
0.0,0.0,1.232
0.0,0.012942245,5.549
0.0,0.0,0.071
0.0,0.0,0.043
0.0,0.0,0.019
0.0,0.0,0.673
0.0,0.0,0.711
0.0,0.0,0.272
0.0,0.0,0.045
0.0,0.0,0.637
0.0,0.0,1.011
0.0,0.0,0.142
0.0,0.0,0.517
0.0,0.0,0.134
0.0,0.0,0.09
0.0,0.0,0.424
0.0,0.0,0.6
0.0,0.0,1.266
0.0,0.0,0.493
0.0,0.0,1.586
0.0,0.0,0.512
0.0,0.0,3.414
0.0,0.0,0.003
0.0,0.0,0.0
0.0,0.0,0.0
0.0,0.0,0.362
0.0,0.0,7.376
0.0,0.0,0.735
0.0,0.0,1.256
0.0,0.0,0.04
0.0,0.0,0.022
0.0,0.0,0.0
0.0,0.0,0.578
0.0,0.0,0.969
0.0,0.0,0.456
0.0,0.0,0.755
0.0,0.0,0.083
0.0,0.0,0.596
0.0,0.0,3.906
0.0,0.0,0.041
0.0,0.0,0.216
0.0,0.0,0.021
0.0,0.0,0.069
0.0,0.0,0.004
0.0,0.0,0.0
0.0,0.0,0.0
0.0,0.0,0.127
0.0,0.0,0.703
0.0,0.0,0.314
0.0,0.0,0.0
0.0,0.0,0.02
0.0,0.0,0.002
0.0,0.0,0.035
0.0,0.0,0.0
0.0,0.0,0.0
0.0,0.0,0.0
0.0,0.0,0.105
0.0,0.0,0.515
0.0,0.0,1.74
0.0,0.0,0.07
0.0,0.0,0.0
0.0,0.0,0.0
0.0,0.0,0.06
0.0,0.0,0.359
0.0,0.0,0.063
0.0,0.0,0.278
0.0,0.0,1.079
0.0,0.0,0.0
0.0,0.0,0.0
0.0,0.0,0.0
0.0,0.0,0.0
0.0,0.0,0.017
0.0,0.0,0.056
0.0,0.0,0.008
0.0,0.0,0.0
0.0,0.0,0.013
0.0,0.0,0.0
0.0,0.0,0.0
0.0,0.0,0.0
0.0,0.0,0.0
0.0,0.0,0.0
0.0,0.0,0.0
0.0,0.0,0.0
0.0,0.0,0.0
0.0,0.0,0.0
0.0,0.0,0.0
0.0,0.0,0.0
0.0,0.0,0.0
0.0,0.0,0.0
0.0,0.0,0.0
0.0,0.0,0.32
0.0,0.0,0.0
0.0,0.0,0.0
0.0,0.0,0.014
0.0,0.0,0.0
0.0,0.0,0.004
0.0,0.0,0.0
0.0,0.0,0.0
0.0,0.0,0.0
0.0,0.0,0.0
0.0,0.0,0.0
0.0,0.0,0.0
0.0,0.0,0.0
0.0,0.0,0.0
0.0,0.0,0.056
0.0,0.0,0.0
0.0,0.0,0.014
0.0,0.0,0.015
0.0,0.0,0.0
0.0,0.0,0.0
0.0,0.0,0.0
0.0,0.0,0.0
0.0,0.0,0.0
0.0,0.0,0.0
0.0,0.0,0.0
0.0,0.0,0.0
0.0,0.0,0.0
0.0,0.0,0.0
0.0,0.0,0.0
0.0,0.0,0.0
0.0,0.0,0.0
0.0,0.0,0.0
0.0,0.0,0.0
0.0,0.0,0.0
0.0,0.0,0.0
0.0,0.0,0.006
0.0,0.0,0.0
0.0,0.0,0.0
0.0,0.0,0.0
0.0,0.0,0.0
0.0,0.0,0.0
0.0,0.0,0.0
0.0,0.0,0.0
0.0,0.0,0.0
0.0,0.0,0.392
0.0,0.0,0.0
0.0,0.0,0.0
0.0,0.0,0.0
0.0,0.0,0.0
0.0,0.0,0.0
0.0,0.0,0.0
0.0,0.0,0.0
0.0,0.0,0.0
0.0,0.0,0.0
0.0,0.0,0.0
0.0,0.0,0.0
0.0,0.0,0.029
0.0,0.0,0.0
0.0,0.0,0.0
0.0,0.0,0.0
0.0,0.0,0.0
0.0,0.0,0.026
0.0,0.0,0.006
0.0,0.0,0.0
0.0,0.0,0.0
0.0,0.0,0.043
0.0,0.0,0.0
0.0,0.0,0.0
0.0,0.0,0.0
0.0,0.0,0.0
0.0,0.0,0.0
0.0,0.0,1.544
0.0,0.0,0.0
0.0,0.0,0.0
0.0,0.0,0.131
0.0,0.0,0.0
0.0,0.0,1.002
0.0,0.0,0.0
0.0,0.0,1.871
0.0,0.0,10.072
0.0,0.0,0.78
0.0,0.0,0.0
0.0,0.0,0.353
0.0,0.0005797079,4.054
0.0,0.1746591,24.179
0.0,10.952881,34.36
5.776,24.901583,15.268
5.373,14.316694,1.526
5.179,5.503887,0.195
4.805,0.97029877,0.0
3.791,0.0,0.0
3.064,0.0,0.303
2.676,0.0049835006,4.062
2.555,0.0,1.11
2.323,0.0,2.994
2.105,0.42604464,7.296
2.002,0.008031786,2.128
1.901,1.7496829,12.202
1.805,3.6926754,6.729
2.323,4.555955,4.543
1.901,0.7849945,0.318
2.212,0.0,0.229
2.802,0.0,0.0
2.802,0.0,0.141
2.802,0.0,1.041
2.555,0.0,3.894
2.555,7.502522,26.828
2.555,7.3200264,3.923
2.555,2.5100079,0.647
2.323,0.5094712,1.168
2.323,0.0,0.109
2.212,0.0,0.0
1.805,0.22218959,5.403
2.105,0.88389885,5.254
2.323,2.4625678,7.521
3.201,2.0602016,3.497
3.201,4.8299365,9.587
3.637,23.69974,24.066
3.949,20.797676,4.172
3.949,11.830347,1.406
3.949,5.310431,0.843
3.064,2.4575481,1.687
2.323,0.48429558,0.931
2.802,4.917324,12.987
4.278,21.37445,18.396
3.488,25.451477,7.359
4.625,13.553906,0.573
4.625,6.3507366,0.517
4.625,2.3057582,0.615
4.625,0.8126997,1.552
4.625,0.0,0.107
3.201,0.0,0.235
0.0,0.0,0.119
0.0,0.0,0.072
0.0,0.7840447,9.023
0.0,2.653294,7.527
0.0,6.1133237,8.949
0.0,13.435575,12.131
0.0,19.242928,9.224
0.0,23.778776,8.348
0.0,22.806871,4.771
0.0,10.730025,0.15
0.0,4.009685,0.172
0.0,0.7463383,0.254
0.0,0.0,0.207
0.0,0.0,0.651
0.0,0.0,3.137
0.0,0.36394402,6.799
0.0,0.93299,4.475
0.0,0.0,0.0
0.0,0.0,0.593
0.0,0.3389578,7.472
0.0,0.021317577,2.337
0.0,0.012713259,3.074
0.0,0.036791783,3.405
0.0,5.7011166,22.863
0.0,5.1814203,3.007
0.0,9.068347,7.969
0.0,11.265404,5.551
0.0,27.413248,17.413
0.0,16.083094,0.836
0.0,13.033048,2.779
0.0,35.816944,19.291
1.218,35.58741,6.142
6.87,59.300224,16.382
5.373,53.979607,6.598
4.99,278.05917,52.209
5.179,153.53859,4.503
5.985,100.73623,4.311
13.691,62.931984,2.078
14.821,36.42625,0.548
14.062,26.43006,2.286
8.894,30.700924,7.149
11.281,40.66305,10.228
8.094,67.3491,16.419
18.581,98.34262,17.462
15.608,71.58429,4.222
14.438,56.514626,4.456
11.281,37.660957,1.99
11.607,58.040047,14.602
9.172,54.797974,7.134
87.454,154.98256,32.9
76.629,109.863556,6.269
71.154,95.72521,8.164
47.879,99.73645,11.418
30.956,62.970795,1.561
24.514,44.470898,2.049
23.448,65.11446,13.547
115.368,284.94104,48.101
145.051,216.4216,13.37
100.599,173.20355,11.568
154.445,96.6237,1.282
84.066,138.49347,18.782
72.26,88.00108,2.62
57.787,59.245632,2.093
35.592,88.05023,15.493
72.26,107.126205,14.217
70.06,68.127075,1.821
73.378,55.392365,4.069
63.727,54.11826,6.775
70.06,48.503254,5.099
55.893,43.84953,4.897
38.439,35.37794,2.962
41.432,47.355022,11.387
54.04,44.26865,5.589
58.75,31.3229,1.736
37.713,20.703146,0.984
26.741,28.569191,9.256
35.592,38.254604,10.303
73.378,40.516197,7.168
110.671,35.909054,4.0
90.892,21.301315,0.212
53.129,17.817953,2.5
30.956,14.808356,2.376
29.099,9.172742,0.623
34.904,10.619109,3.841
36.29,10.482924,2.933
29.099,6.7284217,1.02
23.448,3.559511,0.613
20.92,4.7731857,3.584
18.135,2.5843403,0.956
17.696,4.654911,6.562
17.696,1.8948731,0.343
16.422,0.43168744,0.402
15.211,0.1689954,1.682
14.821,1.9607701,10.78
26.172,0.44649753,0.288
32.237,0.0,0.0
22.414,0.0,0.452
18.135,0.0,0.421
14.438,0.0,0.289
9.745,0.0,0.0
8.622,0.0,0.077
9.456,0.0,0.002
8.622,0.0,0.108
8.094,0.0,0.055
7.589,0.0,0.756
4.99,0.0,0.0
4.805,0.0,0.0
6.417,0.0,0.04
7.104,0.0,0.116
8.894,0.0,1.909
7.344,0.0,0.621
1.901,0.0,0.125
5.985,0.0,0.14
5.572,0.05911777,6.289
5.373,0.0,0.527
9.172,0.0,1.046
10.041,0.0,1.177
9.172,0.0,0.719
9.745,0.0,0.645
7.344,0.0,0.341
7.344,0.0,0.458
6.641,0.0,0.171
5.572,0.0,0.023
5.985,0.0,0.019
5.572,0.0,0.016
5.572,0.0,0.303
5.373,0.0,0.135
5.179,0.0,0.031
4.805,0.0,0.555
4.805,0.0,0.095
5.985,0.0,0.203
5.776,0.004164089,3.488
8.094,0.009432343,3.177
6.417,0.05721998,5.176
6.199,0.16796239,6.236
5.373,0.0,0.44
4.99,0.0,0.0
5.985,0.0,0.0
5.373,0.0,0.0
4.805,0.0,0.0
4.805,0.0,0.0
4.805,0.0,0.275
4.805,0.0,0.0
4.805,0.0,0.818
4.805,0.0,0.427
4.805,0.0,0.118
4.805,0.0,0.047
4.449,0.0,0.303
4.625,0.0,0.806
5.572,0.0016090192,5.853
5.179,0.0,3.29
4.99,0.0,0.297
5.179,0.0024184554,4.931
4.805,0.0,0.15
4.805,0.0,0.046
4.805,0.0,0.045
4.805,0.0,0.164
4.805,0.0,0.213
4.805,0.0,0.147
4.805,0.0,0.08
4.805,0.0,0.0
4.449,0.0,0.0
4.449,0.0,0.1
4.449,0.0,0.842
4.278,0.0,0.0
4.111,0.0,0.0
3.791,0.0,0.0
3.791,0.0,1.99
4.449,0.019564044,15.676
4.449,0.19140957,6.917
4.278,0.0,0.0
4.111,0.0,0.091
4.449,0.0,0.0
4.625,0.0,0.536
4.625,0.0,0.0
4.625,0.0,0.022
4.625,0.0,0.0
4.625,0.0,0.0
4.111,0.0,0.0
4.111,0.0,0.0
4.111,0.0,0.0
3.949,0.0,0.009
3.637,0.0,0.0
3.488,0.0,0.0
3.488,0.0,0.017
3.488,0.0,0.021
3.637,0.0,0.0
3.791,0.0,0.108
3.488,0.0,0.821
3.488,0.0,0.314
3.488,0.0,0.0
3.201,0.0,0.059
3.201,0.0,0.0
3.201,0.0,0.0
3.064,0.0,0.0
2.931,0.0,0.0
3.064,0.0,0.0
0.0,0.0,0.0
0.0,0.0,0.0
0.0,0.0069220224,0.011
0.0,0.022302955,0.0
0.0,0.041868184,0.0
0.0,0.06331407,0.0
0.0,0.0849571,0.0
0.0,0.109373815,6.602
0.0,0.15699981,7.545
0.0,0.0,1.053
0.0,0.0008420024,6.987
0.0,0.0,2.744
0.0,0.0,0.716
0.0,0.0,0.043
0.0,0.015010525,0.201
0.0,0.04069494,0.131
0.0,0.07356072,2.235
0.0,0.10896029,0.022
0.0,0.14429155,0.307
0.0,0.19129175,8.584
0.0,1.1078488,24.598
0.0,2.5849595,9.487
0.0,3.5020783,5.042
0.0,5.1351504,7.726
0.0,1.6903422,1.418
0.0,0.18724713,1.566
0.0,3.5798903,18.288
0.0,7.2601194,9.436
0.0,9.511256,6.417
0.0,3.6808422,0.775
0.0,1.942232,2.366
0.0,0.12825608,0.861
1.901,8.347299,22.164
0.383,22.442451,15.203
6.87,36.55992,12.958
6.199,40.11182,8.242
0.003,87.61293,23.175
0.119,49.968433,1.066
1.147,26.578392,0.126
7.104,14.041194,0.392
0.888,7.736338,1.053
6.641,2.9293344,0.394
6.641,0.8961184,1.067
6.199,0.14712536,1.589
6.199,0.0,1.149
5.985,1.562748,10.155
5.776,0.7449974,2.168
5.776,0.0,0.536
0.0,0.0,0.214
0.0,0.0,1.622
0.0,0.0,0.916
0.0,0.0,1.169
0.0,0.0,0.053
0.0,0.0,0.0
0.0,0.0,0.309
0.0,0.0,1.052
0.0,0.0,0.728
0.0,0.0,0.0
0.0,0.0,3.036
0.0,1.6272166,17.256
0.0,3.0897305,5.9
0.0,2.2790253,2.963
0.0,5.0211797,9.123
0.0,4.067678,3.164
0.0,0.65844995,0.251
0.0,0.0,0.151
0.0,0.0,2.34
0.0,0.0,1.709
0.0,0.0,1.112
0.0,0.0,0.526
0.0,0.19054465,6.298
0.0,0.0643823,2.779
0.0,0.0,0.527
0.0,0.0,0.62
0.0,0.14583632,6.219
7.104,5.108373,22.433
5.572,7.246639,5.557
5.572,6.583854,3.183
5.572,8.32282,5.246
4.99,3.040821,0.232
4.99,0.5134479,0.326
5.572,0.0,1.207
5.776,0.0,1.764
5.179,0.0,2.274
5.373,0.0,3.105
5.179,0.0,2.296
3.949,2.0400844,17.11
4.278,2.3746376,3.504
5.373,0.7775918,1.323
5.179,1.1215069,3.646
4.99,2.201409,5.099
4.805,0.19931282,0.36
4.625,1.5751344,9.213
4.625,0.084841825,0.494
4.625,0.65515316,5.462
4.625,3.72071,12.154
7.104,35.146667,29.622
6.417,53.144905,12.834
6.199,76.93369,14.764
7.344,87.80192,12.062
9.172,190.87401,30.412
25.611,146.06319,9.21
0.83,78.92754,0.207
7.104,45.594513,0.009
1.901,27.11408,0.0
0.001,22.764341,2.515
0.013,19.571629,2.565
0.002,11.332349,0.121
0.001,5.8711166,0.0
7.589,2.5371003,0.048
7.589,0.7500117,0.204
25.611,0.14840102,0.856
38.439,7.548564,16.466
39.917,30.244734,18.035
29.099,24.231567,2.304
29.099,56.48547,18.29
39.917,38.257694,1.439
24.514,22.567554,0.0
20.92,14.464617,0.634
0.0,8.527207,0.359
0.0,5.402539,0.904
0.0,2.8139107,0.589
0.0,0.7541155,0.007
0.0,0.023465076,0.245
0.0,0.0,0.171
7.589,0.0,1.019
7.589,0.0,0.301
7.104,0.0,0.324
7.589,0.0,0.013
7.104,0.0,0.0
6.87,0.0,0.449
6.87,0.0,0.0
6.199,0.0,0.0
6.199,0.0,0.307
6.199,0.0,0.102
5.776,0.0,0.034
5.776,0.0,0.325
5.776,0.0,0.53
5.776,0.0,0.814
5.776,0.0,0.392
5.776,0.0,0.0
5.776,0.0,0.0
5.776,0.0,0.0
5.776,0.0,1.721
5.776,0.038024656,3.761
5.776,0.0,1.79
4.99,0.0,0.686
4.99,0.0,0.158
4.625,0.028902624,4.103
4.625,0.0,2.206
4.99,0.045076773,6.047
4.99,0.0,0.29
4.99,0.0,0.064
4.99,0.0,0.005
4.805,0.0,0.13
4.805,0.0,0.172
4.449,0.0052215233,3.265
0.001,0.0,0.0
0.001,0.0,0.367
0.001,0.0,1.068
0.001,0.0,0.091
0.001,0.0,0.182
0.001,0.0,1.535
0.001,0.0085412515,0.825
0.0,0.051210504,0.916
0.0,0.11793189,1.339
0.0,0.19817106,0.25
0.0,0.2851473,0.985
0.0,0.3905917,5.254
0.0,0.30878517,2.984
0.0,0.024503171,0.321
0.0,0.06744146,0.609
0.0,0.123048,1.124
0.0,0.23245804,9.161
0.0,0.39503732,3.452
0.0,0.0,0.04
0.0,0.0,0.222
0.0,0.0050886665,0.0
0.0,0.04179518,0.0
0.0,0.10065043,0.015
0.0,0.17261733,0.303
0.0,0.25042212,0.316
0.0,0.32811117,0.032
0.0,0.40166122,0.019
0.0,0.46881205,0.271
0.0,0.52786225,0.203
0.0,0.57914734,0.987
0.0,0.69008756,10.386
