,vazao,chuva_media,evaporacao,evap_inicial,retencao,evap_n_atendida,ret_corrig,escoamento,reserv_solo,S1,RE,Solo,C,S2,vazao_calc,Ps,rec_solo,rec_rio,perdas,reserv_solo_corrig,profundo,Fg,profundo_corrigido,S3
1,536.81399999999996452971,1.45999999999999996447,4.40000000000000035527,1.46,0.0,2.9400000000000004,0.0,0.0,100.0,15.0709774,0.0,100.0,0.2653429725567143,14.805634427443286,209.93477247128965,0.0,0.0,0.07097740000000001,0.2053029786687694,99.9290226,500.0,0.472167,499.527833,15.277801427443249
2,622.45299999999997453415,1.90999999999999992006,4.40000000000000035527,1.91,0.0,2.49,0.0,0.0,99.9290226,15.277801427443249,0.0,99.9290226,0.27143967551420756,15.006361751929042,470.2352220286942,0.0,0.0,0.0,0.13695542822087123,99.9290226,499.527833,30.51879569158464,469.0090373084154,45.52515744351365
3,820.59199999999987085175,6.03000000000000024869,4.40000000000000035527,4.4,1.63,0.0,0,0.552188862852508,99.9290226,46.07734630636616,0.0,99.9290226,1.708903966944018,44.36844233942214,2898.3022124954564,1.0778111371474919,1.0778111371474919,0.0,0.8800081862441235,101.00683373714749,469.0090373084154,28.654241148405294,440.3547961600101,73.02268348782741
4,885.02300000000002455636,5.29000000000000003553,4.40000000000000035527,4.4,0.8899999999999997,0.0,0,0.30475382357268244,101.00683373714749,73.32743731140009,0.0,101.00683373714749,3.706944394550929,69.62049291684916,6229.402630161996,0.5852461764273172,0.5852461764273172,0.0,1.9253753317525133,101.5920799135748,440.3547961600101,26.903602097816936,413.45119406219317,96.5240950146661
5,902.68700000000001182343,6.95000000000000017764,4.40000000000000035527,4.4,2.55,0.0,0,0.8782303294701876,101.5920799135748,97.40232534413629,0.0,101.5920799135748,5.950052093109024,91.45227325102726,9942.00738643814,1.6717696705298122,1.6717696705298122,0.0,3.1067019625474828,103.26384958410462,413.45119406219317,25.25991884024966,388.1912752219435,116.7121920912769
6,858.90900000000010550139,6.48000000000000042633,4.40000000000000035527,4.4,2.08,0.0,0,0.7281486440756257,103.26384958410462,117.44034073535254,0.0,103.26384958410462,8.127071185497485,109.31326954985505,13528.207991923891,1.3518513559243743,1.3518513559243743,0.0,4.25809076082278,104.615700940029,388.1912752219435,23.716656880967424,364.47461834097606,133.0299264308225
7,816.39800000000013824319,10.33999999999999985789,4.40000000000000035527,4.4,5.9399999999999995,0.0,0,2.1066467285673944,104.615700940029,135.1365731593899,0.0,104.615700940029,10.26896630910144,124.86760685028847,17044.69885508246,3.833353271432605,3.833353271432605,0.0,5.3942921280009,108.4490542114616,364.47461834097606,22.267680952057255,342.2069373889188,147.13528780234577
8,812.21600000000012187229,4.78000000000000024869,4.40000000000000035527,4.4,0.3799999999999999,0.0,0,0.13970687055301256,108.4490542114616,147.27499467289877,0.0,108.4490542114616,11.851871085655638,135.42312358724314,19637.401749496297,0.24029312944698733,0.24029312944698733,0.0,6.235700562136871,108.68934734090858,342.2069373889188,20.907230621552394,321.2997067673664,156.33035420879554
9,803.88999999999975898390,3.50000000000000000000,4.40000000000000035527,3.5,0.0,0.9000000000000004,0.0,0.0,108.68934734090858,156.33035420879554,0.0,108.68934734090858,13.09113835086119,143.23921585793434,21664.166018736116,0.0,0.0,0.0,6.895326289616196,108.68934734090858,321.2997067673664,19.62989739272308,301.6698093746433,162.86911325065745
10,771.08500000000003637979,1.40999999999999992006,4.40000000000000035527,1.41,0.0,2.99,0.0,0.0,108.68934734090858,162.86911325065745,0.0,108.68934734090858,14.016398805249244,148.8527144454082,23175.79227978073,0.0,0.0,0.0,7.388271361442328,108.68934734090858,301.6698093746433,18.43060320249267,283.23920617215066,167.28331764790084
11,938.62800000000004274625,2.64000000000000012434,4.40000000000000035527,2.64,0.0,1.7600000000000002,0.0,0.0,108.68934734090858,167.28331764790084,0.0,108.68934734090858,14.655240434377925,152.62807721352291,24218.745172977484,0.0,0.0,0.0,7.728835175058045,108.68934734090858,283.23920617215066,17.30458023349919,265.9346259386515,169.93265744702205
12,1240.38000000000010913936,7.55999999999999872102,4.40000000000000035527,4.4,3.1599999999999984,0.0,0,1.1643470912374272,108.68934734090858,171.09700453825948,0.0,108.68934734090858,15.216306112444217,155.88069842581527,25134.247494987863,1.9956529087625712,1.9956529087625712,0.0,8.028073080760329,110.68500024967115,265.9346259386515,16.247351959544744,249.68727397910675,172.12805038535998
13,1329.41000000000008185452,5.83999999999999985789,4.40000000000000035527,4.4,1.4399999999999995,0.0,0,0.540330722321918,110.68500024967115,172.6683811076819,0.0,110.68500024967115,15.449932563736596,157.21844854394533,25515.33340650864,0.8996692776780815,0.8996692776780815,0.0,8.152711413842713,111.58466952734923,249.68727397910675,15.25471534907861,234.43255863002813,172.47316389302395
14,1335.89000000000010004442,9.17999999999999971578,4.40000000000000035527,4.4,4.779999999999999,0.0,0,1.8081765273566002,111.58466952734923,174.28134042038056,0.0,111.58466952734923,15.691220016652249,158.59012040372832,25908.839031699838,2.971823472643399,2.971823472643399,0.0,8.281458790365912,114.55649299999263,234.43255863002813,14.32272415596363,220.10983447406448,172.91284455969196
15,1297.26000000000021827873,8.53999999999999914735,4.40000000000000035527,4.4,4.139999999999999,0.0,0,1.6077867674072217,114.55649299999263,174.52063132709918,0.0,114.55649299999263,15.72714358373423,158.79348774336495,25967.418680131068,2.532213232592777,2.532213232592777,0.0,8.300628954986898,117.08870623258541,220.10983447406448,13.44767323109799,206.6621612429665,172.24116097446293
16,1240.38000000000010913936,4.61000000000000031974,4.40000000000000035527,4.4,0.20999999999999996,0.0,0,0.08335711996163522,117.08870623258541,172.32451809442458,0.0,117.08870623258541,15.39868661573977,156.9258314786848,25431.74853218771,0.12664288003836474,0.12664288003836474,0.0,8.125370201989774,117.21534911262377,206.6621612429665,12.626083792522962,194.03607745044354,169.55191527120775
17,1209.33999999999991814548,1.59000000000000007994,4.40000000000000035527,1.59,0.0,2.8100000000000005,0.0,0.0,117.21534911262377,169.55191527120775,0.0,117.21534911262377,14.98797843047616,154.5639368407316,24761.733106930023,0.0,0.0,0.0,7.9062821164540535,117.21534911262377,194.03607745044354,11.854689595457597,182.18138785498596,166.41862643618921
18,1252.91000000000030922820,6.80999999999999960920,4.40000000000000035527,4.4,2.4099999999999993,0.0,0,0.9576568666210223,117.21534911262377,167.37628330281024,0.0,117.21534911262377,14.66881706606709,152.70746623674316,24240.903618217642,1.452343133378977,1.452343133378977,0.0,7.73607463400958,118.66769224600274,182.18138785498596,11.13042394727914,171.05096390770683,163.83789018402229
19,1348.88999999999987267074,3.75999999999999978684,4.40000000000000035527,3.76,0.0,0.6400000000000006,0.0,0.0,118.66769224600274,163.83789018402229,0.0,118.66769224600274,14.155627875558519,149.68226230846378,23403.143687403972,0.0,0.0,0.0,7.462479392295256,118.66769224600274,171.05096390770683,10.450407515826898,160.60055639187993,160.13266982429064
20,1401.52000000000020918378,1.69999999999999995559,4.40000000000000035527,1.7,0.0,2.7,0.0,0.0,118.66769224600274,160.13266982429064,0.0,118.66769224600274,13.626107169000692,146.50656265528994,22538.319821547597,0.0,0.0,0.0,7.180292745783468,118.66769224600274,160.60055639187993,9.811936882561259,150.78861950931866,156.3184995378512
21,1271.81999999999993633537,4.91000000000000014211,4.40000000000000035527,4.4,0.5099999999999998,0.0,0,0.20516868351810985,118.66769224600274,156.52366822136932,0.0,118.66769224600274,13.11812973380381,143.4055384875655,21708.281349439385,0.30483131648188994,0.30483131648188994,0.0,6.909700971882652,118.97252356248464,150.78861950931866,9.212473795070775,141.5761457142479,152.6180122826363
22,1178.68000000000006366463,7.33999999999999985789,4.40000000000000035527,4.4,2.9399999999999995,0.0,0,1.185775309418118,118.97252356248464,153.80378759205442,0.0,118.97252356248464,12.74041604793866,141.06337154411577,21090.832132251966,1.7542246905818815,1.7542246905818815,0.0,6.708573788528033,120.72674825306652,141.5761457142479,8.649635076200346,132.92651063804755,149.7130066203161
23,1089.07999999999992724042,2.85000000000000008882,4.40000000000000035527,2.85,0.0,1.5500000000000003,0.0,0.0,120.72674825306652,149.7130066203161,0.0,120.72674825306652,12.180668196976923,137.53233842333918,20175.384004555362,0.0,0.0,0.0,6.410638210705331,120.72674825306652,132.92651063804755,8.121183149684125,124.80532748836342,145.6535215730233
24,1036.90000000000031832315,3.02000000000000001776,4.40000000000000035527,3.02,0.0,1.3800000000000003,0.0,0.0,120.72674825306652,145.6535215730233,0.0,120.72674825306652,11.635191663592796,134.01832990943052,19282.76539734339,0.0,0.0,0.0,6.120444854521407,120.72674825306652,124.80532748836342,7.625017144617597,117.18031034374582,141.6433470540481
25,994.08299999999996998667,4.88999999999999968026,4.29000000000000003553,4.29,0.5999999999999996,0.0,0,0.24556312561176502,120.72674825306652,141.88891017965986,0.0,120.72674825306652,11.138310345913993,130.75059983374587,18469.209433831922,0.3544368743882346,0.3544368743882346,0.0,5.8562353067534705,121.08118512745476,117.18031034374582,7.1591645434044535,110.02114580034136,137.90976437715034
26,1041.72000000000002728484,4.62000000000000010658,4.29000000000000003553,4.29,0.33000000000000007,0.0,0,0.1354562355617462,121.08118512745476,138.0452206127121,0.0,121.08118512745476,10.639980973318679,127.40523963939341,17652.823343884793,0.19454376443825386,0.19454376443825386,0.0,5.5913871020162915,121.27572889189301,110.02114580034136,6.7217733399745585,103.2993724603668,134.12701297936798
27,1100.81999999999993633537,5.33000000000000007105,4.29000000000000003553,4.29,1.04,0.0,0,0.4275782759773664,121.27572889189301,134.55459125534534,0.0,121.27572889189301,10.195364606000723,124.35922664934462,16924.026908656935,0.6124217240226336,0.6124217240226336,0.0,5.355201824991492,121.88815061591565,103.2993724603668,6.311104677097821,96.98826778326898,130.67033132644244
28,1083.23000000000001818989,2.79000000000000003553,4.29000000000000003553,2.79,0.0,1.5,0.0,0.0,121.88815061591565,130.67033132644244,0.0,121.88815061591565,9.70957483327262,120.96075649316981,16127.2834199452,0.0,0.0,0.0,5.097275562578502,121.88815061591565,96.98826778326898,5.925525933523482,91.06274184974549,126.8862824266933
29,1066.03000000000020008883,1.62000000000000010658,4.29000000000000003553,1.62,0.0,2.67,0.0,0.0,121.88815061591565,126.8862824266933,0.0,121.88815061591565,9.245484647733846,117.64079777895945,15365.66223464247,0.0,0.0,0.0,4.851004134610053,121.88815061591565,91.06274184974549,5.563504233462597,85.4992376162829,123.20430201242206
30,989.39099999999996271072,2.52000000000000001776,4.29000000000000003553,2.52,0.0,1.77,0.0,0.0,121.88815061591565,123.20430201242206,0.0,121.88815061591565,8.802682015654636,114.40161999676742,14638.529496510218,0.0,0.0,0.0,4.616156786161407,121.88815061591565,85.4992376162829,5.223600352610554,80.27563726367234,119.625220349378
31,902.68700000000001182343,1.29000000000000003553,4.29000000000000003553,1.29,0.0,3.0,0.0,0.0,121.88815061591565,119.625220349378,0.0,121.88815061591565,8.380626335975114,111.24459401340289,13945.03942836163,0.0,0.0,0.0,4.392434803005104,121.88815061591565,80.27563726367234,4.90446299648287,75.37117426718947,116.14905700988575
32,783.29300000000000636646,2.02999999999999980460,4.29000000000000003553,2.03,0.0,2.2600000000000002,0.0,0.0,121.88815061591565,116.14905700988575,0.0,121.88815061591565,7.978685986797234,108.17037102308852,13284.19538981957,0.0,0.0,0.0,4.179491595977062,121.88815061591565,75.37117426718947,4.604823428317712,70.76635083887176,112.77519445140625
33,688.74499999999989086064,2.89999999999999991118,4.29000000000000003553,2.9,0.0,1.3900000000000001,0.0,0.0,121.88815061591565,112.77519445140625,0.0,121.88815061591565,7.596167519717389,105.17902693168887,12654.89741511004,0.0,0.0,0.0,3.9769482998061876,121.88815061591565,70.76635083887176,4.323490425188233,66.44286041368352,109.50251735687712
34,626.03399999999987812771,2.14999999999999991118,4.29000000000000003553,2.15,0.0,2.14,0.0,0.0,121.88815061591565,109.50251735687712,0.0,121.88815061591565,7.232338284557091,102.27017907232003,12055.979109813916,0.0,0.0,0.0,3.7844058456115124,121.88815061591565,66.44286041368352,4.059345542272685,62.38351487141083,106.32952461459271
35,587.30799999999999272404,1.20999999999999996447,4.29000000000000003553,1.21,0.0,3.08,0.0,0.0,121.88815061591565,106.32952461459271,0.0,121.88815061591565,6.886443887430625,99.44308072716208,11486.23617315456,0.0,0.0,0.0,3.6014542617791405,121.88815061591565,62.38351487141083,3.811338666455287,58.57217620495555,103.25441939361735
36,594.24199999999996180122,1.50000000000000000000,4.29000000000000003553,1.5,0.0,2.79,0.0,0.0,121.88815061591565,103.25441939361735,0.0,121.88815061591565,6.557721585932006,96.69669780768535,10944.448329772105,0.0,0.0,0.0,3.4276797968029062,121.88815061591565,58.57217620495555,3.5784838415811233,54.99369236337442,100.27518164926649
37,594.24199999999996180122,1.00000000000000000000,4.29000000000000003553,1.0,0.0,3.29,0.0,0.0,121.88815061591565,100.27518164926649,0.0,121.88815061591565,6.245410489946729,94.02977115931975,10429.396075286877,0.0,0.0,0.0,3.2626703309727505,121.88815061591565,54.99369236337442,3.3598553487682885,51.63383701460613,97.38962650808803
38,580.42200000000002546585,0.45000000000000001110,4.29000000000000003553,0.45,0.0,3.84,0.0,0.0,121.88815061591565,97.38962650808803,0.0,121.88815061591565,5.948759251758286,91.44086725632974,9939.873341623681,0.0,0.0,0.0,3.106019444279998,121.88815061591565,51.63383701460613,3.1545840261944824,48.479252988411645,94.59545128252421
39,570.18200000000001637090,1.63999999999999990230,4.29000000000000003553,1.64,0.0,2.6500000000000004,0.0,0.0,121.88815061591565,94.59545128252421,0.0,121.88815061591565,5.6670317839692155,88.92841949855499,9474.696953722112,0.0,0.0,0.0,2.95732942978012,121.88815061591565,48.479252988411645,2.9618538137272905,45.51739917468436,91.89027331228229
40,580.42200000000002546585,1.55000000000000004441,4.29000000000000003553,1.55,0.0,2.74,0.0,0.0,121.88815061591565,91.89027331228229,0.0,121.88815061591565,5.399511429755922,86.49076188252637,9032.713565141545,0.0,0.0,0.0,2.816213480309159,121.88815061591565,45.51739917468436,2.7808985086612688,42.73650066602309,89.27166039118762
41,640.47500000000002273737,0.89000000000000001332,4.29000000000000003553,0.89,0.0,3.4,0.0,0.0,121.88815061591565,89.27166039118762,0.0,121.88815061591565,5.145503920393702,84.12615647079392,8612.80461533613,0.0,0.0,0.0,2.6822972282600093,121.88815061591565,42.73650066602309,2.610998719664195,40.125501946358895,86.73715519045811
42,715.58799999999996543920,2.08000000000000007105,4.29000000000000003553,2.08,0.0,2.21,0.0,0.0,121.88815061591565,86.73715519045811,0.0,121.88815061591565,4.904339384534405,81.8328158059237,8213.889737501204,0.0,0.0,0.0,2.555219780237935,121.88815061591565,40.125501946358895,2.451479006822847,37.674022939536044,84.28429481274655
43,771.08500000000003637979,2.04000000000000003553,4.29000000000000003553,2.04,0.0,2.25,0.0,0.0,121.88815061591565,84.28429481274655,0.0,121.88815061591565,4.6753736182509,79.60892119449565,7834.928956201425,0.0,0.0,0.0,2.4346343585975307,121.88815061591565,37.674022939536044,2.3017051964185016,35.37231774311754,81.91062639091416
44,1012.98000000000001818989,2.08000000000000007105,4.29000000000000003553,2.08,0.0,2.21,0.0,0.0,121.88815061591565,81.91062639091416,0.0,121.88815061591565,4.457988781139568,77.4526376097746,7474.9239432590475,0.0,0.0,0.0,2.3202086383692584,121.88815061591565,35.37231774311754,2.161081859756989,33.21123588336055,79.61371946953159
45,1032.08999999999969077180,5.37000000000000010658,4.29000000000000003553,4.29,1.08,0.0,0,0.4462658376217701,121.88815061591565,80.05998530715335,0.0,121.88815061591565,4.2913875424401935,75.76859776471316,7198.874304598514,0.63373416237823,0.63373416237823,0.0,2.232555819804592,122.52188477829388,33.21123588336055,2.029049946030345,31.182185937330207,77.7976477107435
46,1066.03000000000020008883,12.01999999999999957367,4.29000000000000003553,4.29,7.7299999999999995,0.0,0,3.210713558182981,122.52188477829388,81.00836126892648,0.0,122.52188477829388,4.376446637669191,76.63191463125729,7339.829002458661,4.519286441817019,4.519286441817019,0.0,2.277302778561973,127.0411712201109,31.182185937330207,1.9050845597994623,29.277101377530744,78.53699919105675
47,1100.81999999999993633537,7.54000000000000003553,4.29000000000000003553,4.29,3.25,0.0,0,1.3997041458946344,127.0411712201109,79.93670333695138,0.0,127.0411712201109,4.280379564978419,75.65632377197296,7180.630062285345,1.8502958541053656,1.8502958541053656,0.0,2.226765578233248,128.89146707421625,29.277101377530744,1.7886928742620676,27.488408503268676,77.44501664623503
48,1066.03000000000020008883,10.33000000000000007105,4.29000000000000003553,4.29,6.04,0.0,0,2.6391829971905736,128.89146707421625,80.0841996434256,0.0,128.89146707421625,4.293550994768126,75.79064864865748,7202.459868115266,3.4008170028094264,3.4008170028094264,0.0,2.2336938240416893,132.29228407702567,27.488408503268676,1.6794121720101924,25.808996331258484,77.47006082066767
49,1041.72000000000002728484,6.37999999999999989342,4.29000000000000003553,4.29,2.09,0.0,0,0.9373228404436325,132.29228407702567,78.4073836611113,0.0,132.29228407702567,4.144767398396219,74.26261626271508,6955.82328792611,1.1526771595563674,1.1526771595563674,0.0,2.155446702369921,133.44496123658203,25.808996331258484,1.576808005488125,24.23218832577036,75.8394242682032
50,1089.07999999999992724042,4.44000000000000039080,4.29000000000000003553,4.29,0.15000000000000036,0.0,0,0.06785812227317166,133.44496123658203,75.90728239047637,0.0,133.44496123658203,3.9268498725472583,71.9804325179291,6594.386573971108,0.0821418777268287,0.0821418777268287,0.0,2.040897750679893,133.52710311430886,24.23218832577036,1.4804724698377079,22.751715855932652,73.46090498776681
51,1077.40000000000009094947,2.62000000000000010658,4.29000000000000003553,2.62,0.0,1.67,0.0,0.0,133.52710311430886,73.46090498776681,0.0,133.52710311430886,3.718196603171159,69.74270838459564,6248.084591189366,0.0,0.0,0.0,1.9312846197469977,133.52710311430886,22.751715855932652,1.3900225812646467,21.361693274668006,71.1327309658603
52,1066.03000000000020008883,3.35000000000000008882,4.29000000000000003553,3.35,0.0,0.94,0.0,0.0,133.52710311430886,71.1327309658603,0.0,133.52710311430886,3.5238793483815147,67.60885161747879,5925.361791445191,0.0,0.0,0.0,1.8292640087960514,133.52710311430886,21.361693274668006,1.3050987544789934,20.056594520189012,68.91395037195778
53,1106.72000000000002728484,4.62000000000000010658,4.09999999999999964473,4.1,0.5200000000000005,0.0,0,0.23538629315005838,133.52710311430886,69.14933666510784,0.0,133.52710311430886,3.3616455774446954,65.78769108766315,5655.756710541289,0.2846137068499421,0.2846137068499421,0.0,1.7441355559496066,133.8117168211588,20.056594520189012,1.2253633731568359,18.831231147032177,67.01305446081997
54,1271.81999999999993633537,3.87000000000000010658,4.09999999999999964473,3.87,0.0,0.22999999999999954,0.0,0.0,133.8117168211588,67.01305446081997,0.0,133.8117168211588,3.1903445025667376,63.822709958253235,5370.910179156689,0.0,0.0,0.0,1.6542987559128857,133.8117168211588,18.831231147032177,1.1504994477400423,17.680731699292135,64.97320940599327
55,1271.81999999999993633537,6.29000000000000003553,4.09999999999999964473,4.1,2.1900000000000004,0.0,0,0.9934514698746237,133.8117168211588,65.9666608758679,0.0,133.8117168211588,3.107749903296207,62.85891097257169,5233.502214387993,1.1965485301253767,1.1965485301253767,0.0,1.611001950274878,135.00826535128417,17.680731699292135,1.0802093552381111,16.600522344054024,63.9391203278098
56,1148.42000000000007275958,11.42999999999999971578,4.09999999999999964473,4.1,7.33,0.0,0,3.3548470949702787,135.00826535128417,67.29396742278009,0.0,135.00826535128417,3.2126650495613314,64.08130237321875,5408.036101191983,3.9751529050297214,3.9751529050297214,0.0,1.666001528129896,138.98341825631388,18.2339406003679,1.1140078111225449,17.119932789245357,65.1953101843413
57,1190.90000000000009094947,10.18999999999999950262,4.09999999999999964473,4.1,6.09,0.0,0,2.835661295254675,137.35,68.03097147959598,0.0,137.35,3.2715207600020464,64.75945071959393,5505.916151263309,3.254338704745325,3.254338704745325,0.0,1.6968641741589598,140.60433870474532,20.374271493990676,1.244771938643864,19.12949955534681,66.0042226582378
58,1516.71000000000003637979,8.94999999999999751310,4.09999999999999964473,4.1,4.849999999999998,0.0,0,2.2582852679778602,137.35,68.26250792621565,0.0,137.35,3.290098947796117,64.97240897841954,5536.808135324115,2.5917147320221376,2.5917147320221376,0.0,1.7066074533175355,139.94171473202212,21.72121428736895,1.327063793479036,20.394150493889917,66.29947277189856
59,1679.80000000000018189894,7.00999999999999978684,4.09999999999999964473,4.1,2.91,0.0,0,1.3549711607867168,137.35,67.65444393268528,0.0,137.35,3.24139860386459,64.41304532882069,5455.824183315718,1.5550288392132834,1.5550288392132834,0.0,1.6810679984867922,138.9050288392133,21.949179333103217,1.3409913830866138,20.608187950016603,65.7540367119073
60,1489.20000000000004547474,3.83999999999999985789,4.09999999999999964473,3.84,0.0,0.2599999999999998,0.0,0.0,137.35,65.7540367119073,0.0,137.35,3.091072981058666,62.66296373084864,5205.752384555791,0.0,0.0,0.0,1.6022613007848392,137.35,20.608187950016603,1.2590631313637597,19.349124818652843,63.922026862212405
61,1355.40999999999985448085,8.13000000000000078160,4.09999999999999964473,4.1,4.030000000000001,0.0,0,1.876472088649646,137.35,65.79849895086205,0.0,137.35,3.0945573552436074,62.703941595618446,5211.550415183294,2.153527911350355,2.153527911350355,0.0,1.6040874755236407,139.50352791135035,21.502652730003206,1.3137107126802734,20.188942017322933,64.01765230829872
62,1290.88000000000010913936,9.86999999999999921840,4.09999999999999964473,4.1,5.77,0.0,0,2.6866610301509812,137.35,66.70431333844971,0.0,137.35,3.165884664126947,63.53842867432276,5330.222311343242,3.0833389698490183,3.0833389698490183,0.0,1.6414753858202666,140.43333896984902,23.272280987171968,1.4218266567033333,21.850454330468633,64.96025533102609
63,1551.45999999999958163244,6.99000000000000021316,4.09999999999999964473,4.1,2.8900000000000006,0.0,0,1.345658644217736,137.35,66.30591397524383,0.0,137.35,3.1344330822344135,63.17148089300941,5277.898334072329,1.5443413557822645,1.5443413557822645,0.0,1.6249881246953577,138.89434135578225,23.394795686250887,1.4293117272507547,21.96548395900013,64.60079262026017
64,1679.80000000000018189894,4.36000000000000031974,4.09999999999999964473,4.1,0.2600000000000007,0.0,0,0.12106271539675165,137.35,64.72185533565691,0.0,137.35,3.0106261068848443,61.71122922877207,5071.865662089281,0.13893728460324903,0.13893728460324903,0.0,1.560105167606131,137.48893728460325,22.104421243603383,1.3504759319672481,20.753945311636134,63.06170516073932
65,1572.50000000000000000000,6.66000000000000014211,4.09999999999999964473,4.1,2.5600000000000005,0.0,0,1.1920021208295517,137.35,64.25370728156888,0.0,137.35,2.9744194347028095,61.27928784686607,5011.59316569905,1.3679978791704488,1.3679978791704488,0.0,1.5411360415070139,138.71799787917044,22.121943190806576,1.3515464403383262,20.77039675046825,62.630834287204394
66,1482.35999999999967258191,13.81000000000000049738,4.09999999999999964473,4.1,9.71,0.0,0,4.521226794240214,137.35,67.1520610814446,0.0,137.35,3.2013817942385714,63.95067928720603,5389.268979158469,5.188773205759787,5.188773205759787,0.0,1.6600855489325839,142.53877320575978,25.95916995622804,1.5859829060160613,24.37318705021198,65.53666219322209
67,1448.40000000000009094947,15.49000000000000021316,4.09999999999999964473,4.1,11.39,0.0,0,5.3034781860346065,137.35,70.8401403792567,0.0,137.35,3.499754504930492,67.3403858743262,5885.280178500459,6.086521813965394,6.086521813965394,0.0,1.8166022487013114,143.43652181396538,30.459708864177372,1.860944616575507,28.598764247601864,69.20133049090171
68,1455.16000000000008185452,8.05000000000000071054,4.09999999999999964473,4.1,3.950000000000001,0.0,0,1.8392220223737223,137.35,71.04055251327543,0.0,137.35,3.516271846867219,67.52428066640822,5912.72286386898,2.1107779776262787,2.1107779776262787,0.0,1.8252711592305162,139.46077797762626,30.70954222522812,1.8762082571559702,28.83333396807215,69.40048892356418
69,1408.16999999999984538590,4.54999999999999982236,4.09999999999999964473,4.1,0.4500000000000002,0.0,0,0.2095316228020697,137.35,69.61002054636626,0.0,137.35,3.3990547703061034,66.21096577606015,5717.938321443432,0.2404683771979305,0.2404683771979305,0.0,1.7637612082638296,137.59046837719794,29.07380234527008,1.7762722617956945,27.29753008347439,67.98723803785585
70,1290.88000000000010913936,4.51999999999999957367,4.09999999999999964473,4.1,0.41999999999999993,0.0,0,0.19556284794859827,137.35,68.18280088580444,0.0,137.35,3.2836986075412997,64.89910227826314,5526.165831357261,0.22443715205140166,0.22443715205140166,0.0,1.703250743508508,137.5744371520514,27.52196723552578,1.6814624523464696,25.84050478317931,66.58056473060961
71,1142.42000000000007275958,2.25999999999999978684,4.09999999999999964473,2.26,0.0,1.8399999999999999,0.0,0.0,137.35,66.58056473060961,0.0,137.35,3.1561019009700018,63.42446282963961,5313.948040083327,0.0,0.0,0.0,1.6363469595103044,137.35,25.84050478317931,1.578733023361413,24.261771759817897,65.00319585300102
72,1032.08999999999969077180,1.37999999999999989342,4.09999999999999964473,1.38,0.0,2.7199999999999998,0.0,0.0,137.35,65.00319585300102,0.0,137.35,3.0324692644469624,61.97072658855406,5108.2232273837735,0.0,0.0,0.0,1.571550295473762,137.35,24.261771759817897,1.4822798781939752,22.779491881623922,63.453006466748036
73,911.59500000000014097168,1.91999999999999992895,4.09999999999999964473,1.92,0.0,2.1799999999999997,0.0,0.0,137.35,63.453006466748036,0.0,137.35,2.9128999385824934,60.540106528165545,4909.162343134661,0.0,0.0,0.0,1.5089111014447902,137.35,22.779491881623922,1.3917195654909413,21.38777231613298,61.93182609365648
74,791.49400000000002819434,3.97999999999999998224,4.09999999999999964473,3.98,0.0,0.11999999999999966,0.0,0.0,137.35,61.93182609365648,0.0,137.35,2.7974459359525574,59.13438015770392,4716.858118672966,0.0,0.0,0.0,1.44845486943375,137.35,21.38777231613298,1.3066920609690882,20.081080255163894,60.441072218673014
75,727.27699999999992996891,4.42999999999999971578,4.09999999999999964473,4.1,0.33000000000000007,0.0,0,0.1536565233881844,137.35,60.5947287420612,0.0,137.35,2.697511482910201,57.897217259151,4550.325806447935,0.17634347661181568,0.17634347661181568,0.0,1.3961475859661894,137.5263434766118,20.257423731775702,1.2376330912234088,19.019790640552294,59.134850350374414
76,704.00999999999987721822,3.60000000000000008882,4.09999999999999964473,3.6,0.0,0.49999999999999956,0.0,0.0,137.35,59.134850350374414,0.0,137.35,2.590067383154812,56.544782967219604,4371.19538116804,0.0,0.0,0.0,1.3399336350439135,137.35,19.019790640552294,1.1620195438754044,17.85777109667689,57.70680251109502
77,677.42300000000000181899,3.97999999999999998224,4.09999999999999964473,3.98,0.0,0.11999999999999966,0.0,0.0,137.35,57.70680251109502,0.0,137.35,2.4866628781074542,55.22013963298757,4198.7143876138925,0.0,0.0,0.0,1.2858575841486368,137.35,17.85777109667689,1.0910256278083454,16.766745468868542,56.31116526079591
78,681.18499999999994543032,1.79000000000000003553,4.09999999999999964473,1.79,0.0,2.3099999999999996,0.0,0.0,137.35,56.31116526079591,0.0,137.35,2.3872400029063305,53.92392525788958,4032.7926384935145,0.0,0.0,0.0,1.2338872614036671,137.35,16.766745468868542,1.024369105329115,15.742376363539428,54.9482943632187
79,688.74499999999989086064,2.02000000000000001776,4.09999999999999964473,2.02,0.0,2.0799999999999996,0.0,0.0,137.35,54.9482943632187,0.0,137.35,2.291723683247054,52.656570679971644,3873.311314891071,0.0,0.0,0.0,1.183981573949885,137.35,15.742376363539428,0.9617849821371034,14.780591381402324,53.61835566210875
80,629.62599999999997635314,4.07000000000000028422,4.09999999999999964473,4.07,0.0,0.02999999999999936,0.0,0.0,137.35,53.61835566210875,0.0,137.35,2.2000254826063923,51.418330179502355,3720.1291520931186,0.0,0.0,0.0,1.1360924860629904,137.35,14.780591381402324,0.9030244538342157,13.87756692756811,52.32135463333657
81,594.24199999999996180122,2.47999999999999998224,4.09999999999999964473,2.48,0.0,1.6199999999999997,0.0,0.0,137.35,52.32135463333657,0.0,137.35,2.112046741744995,50.20930789159157,3573.087627734693,0.0,0.0,0.0,1.0901666748798404,137.35,13.87756692756811,0.8478539167981519,13.029713010769957,51.05716180838972
82,587.30799999999999272404,1.57000000000000006217,4.09999999999999964473,1.57,0.0,2.5299999999999994,0.0,0.0,137.35,51.05716180838972,0.0,137.35,2.0276812016435843,49.02948060674614,3432.0153014560515,0.0,0.0,0.0,1.0461469122207359,137.35,13.029713010769957,0.7960540394866655,12.23365897128329,49.82553464623281
83,666.21099999999989904609,1.68999999999999994671,4.09999999999999964473,1.69,0.0,2.4099999999999997,0.0,0.0,137.35,49.82553464623281,0.0,137.35,1.9468171879419713,47.878717458290836,3296.73143387671,0.0,0.0,0.0,1.0039732140251545,137.35,12.23365897128329,0.7474188904807558,11.486240080802535,48.626136348771595
84,880.63899999999989631760,1.79000000000000003553,3.83000000000000007105,1.79,0.0,2.04,0.0,0.0,137.35,48.626136348771595,0.0,137.35,1.8693394236110494,46.75679692516054,3167.048994162856,0.0,0.0,0.0,0.9635837928788206,137.35,11.486240080802535,0.7017551198003079,10.784484961002226,47.45855204496085
85,885.02300000000002455636,2.41000000000000014211,3.83000000000000007105,2.41,0.0,1.42,0.0,0.0,137.35,47.45855204496085,0.0,137.35,1.7951305268045263,45.66342151815632,3042.777149475368,0.0,0.0,0.0,0.9249158438993222,137.35,10.784484961002226,0.6588811902374899,10.125603770764736,46.32230270839381
86,783.29300000000000636646,4.82000000000000028422,3.83000000000000007105,3.83,0.9900000000000002,0.0,0,0.4609695701645532,137.35,46.783272278558364,0.0,137.35,1.7527617415368824,45.030510537021485,2971.79781336544,0.529030429835447,0.529030429835447,0.0,0.9028466919703777,137.87903042983544,10.654634200600185,0.6509479209273356,10.00368627967285,45.68145845794882
87,739.07600000000002182787,4.63999999999999968026,3.83000000000000007105,3.83,0.8099999999999996,0.0,0,0.3771569210437251,137.35,46.05861537899255,0.0,137.35,1.7077463113536888,44.35086906763886,2896.3619410592946,0.4328430789562745,0.4328430789562745,0.0,0.8794054357978862,137.78284307895626,10.436529358629116,0.6376227432861121,9.798906615343004,44.98849181092497
88,735.13099999999985811883,1.92999999999999993783,3.83000000000000007105,1.93,0.0,1.9000000000000001,0.0,0.0,137.35,44.98849181092497,0.0,137.35,1.6421303061380017,43.34636150478697,2786.3609780322745,0.0,0.0,0.0,0.8452489980948349,137.35,9.798906615343004,0.5986669995915329,9.200239615751471,43.9450285043785
89,715.58799999999996543920,1.62999999999999967137,3.83000000000000007105,1.6299999999999997,0.0,2.2,0.0,0.0,137.35,43.9450285043785,0.0,137.35,1.5791430628162553,42.36588544156224,2680.7171924508075,0.0,0.0,0.0,0.8124751975769863,137.35,9.200239615751471,0.5620912681891388,8.638148347562332,42.92797670975138
90,731.19799999999986539478,1.19999999999999995559,3.83000000000000007105,1.2,0.0,2.63,0.0,0.0,137.35,42.92797670975138,0.0,137.35,1.5187020952747374,41.40927461447664,2579.2964401446575,0.0,0.0,0.0,0.7810399125000291,137.35,8.638148347562332,0.527750141547877,8.110398206014455,41.93702475602451
91,735.13099999999985811883,1.86000000000000009770,3.83000000000000007105,1.86,0.0,1.97,0.0,0.0,137.35,41.93702475602451,0.0,137.35,1.460723173807373,40.47630158221714,2481.9614598251974,0.0,0.0,0.0,0.7508981690030879,137.35,8.110398206014455,0.4955070958513532,7.614891110163102,40.9718086780685
92,750.98599999999987630872,1.67999999999999993783,3.83000000000000007105,1.68,0.0,2.1500000000000004,0.0,0.0,137.35,40.9718086780685,0.0,137.35,1.405121199136427,39.566687478932074,2388.573331591177,0.0,0.0,0.0,0.7220045980061641,137.35,7.614891110163102,0.46523394824474545,7.149657161918356,40.03192142717682
93,754.98099999999999454303,2.06999999999999984013,3.83000000000000007105,2.07,0.0,1.7600000000000002,0.0,0.0,137.35,40.03192142717682,0.0,137.35,1.35181092486088,38.68011050231594,2298.992685000763,0.0,0.0,0.0,0.6943138121576817,137.35,7.149657161918356,0.43681034724137424,6.712846814676983,39.11692084955732
94,719.47199999999997999112,1.50000000000000000000,3.83000000000000007105,1.5,0.0,2.33,0.0,0.0,137.35,39.11692084955732,0.0,137.35,1.3007075508217691,37.81621329873555,2213.0806936815975,0.0,0.0,0.0,0.6677807147477524,137.35,6.712846814676983,0.41012329426302774,6.302723520413955,38.22633659299857
95,681.18499999999994543032,4.00000000000000000000,3.83000000000000007105,3.83,0.16999999999999993,0.0,0,0.07915639083633737,137.35,38.30549298383491,0.0,137.35,1.2560501679383356,37.049442815896576,2137.972274745868,0.09084360916366256,0.09084360916366256,0.0,0.6446038563184137,137.44084360916366,6.393567129577633,0.3906168106713106,6.002950318906322,37.44005962656789
96,662.49800000000004729372,7.69000000000000039080,3.83000000000000007105,3.83,3.8600000000000003,0.0,0,1.7973156978133082,137.35,39.2373753243812,0.0,137.35,1.3073899449719917,37.9299853794092,2224.3170065920913,2.062684302186692,2.062684302186692,0.0,0.6712495957170589,139.41268430218668,8.065634621093011,0.4927722518398876,7.572862369253123,38.42275763124909
97,763.00800000000003819878,3.70000000000000017764,3.83000000000000007105,3.7,0.0,0.1299999999999999,0.0,0.0,137.35,38.42275763124909,0.0,137.35,1.262465284827835,37.16029234642126,2148.76367963976,0.0,0.0,0.0,0.6479327008565321,137.35,7.572862369253123,0.46266619030961115,7.110196178943512,37.62295853673087
98,846.02300000000013824319,2.45999999999999996447,3.83000000000000007105,2.46,0.0,1.37,0.0,0.0,137.35,37.62295853673087,0.0,137.35,1.21897125878157,36.4039872779493,2075.5857137431144,0.0,0.0,0.0,0.6253671021186478,137.35,7.110196178943512,0.43439946721099487,6.6757967117325165,36.83838674516029
99,783.29300000000000636646,2.79999999999999982236,3.83000000000000007105,2.8,0.0,1.0300000000000002,0.0,0.0,137.35,36.83838674516029,0.0,137.35,1.176900003746062,35.66148674141423,2004.771834996608,0.0,0.0,0.0,0.6035481606807044,137.35,6.6757967117325165,0.40785970763698615,6.26793700409553,36.06934644905122
100,747.00400000000001909939,1.72999999999999998224,3.83000000000000007105,1.73,0.0,2.1,0.0,0.0,137.35,36.06934644905122,0.0,137.35,1.1362372285271765,34.93310922052404,1936.2999564929137,0.0,0.0,0.0,0.582467902061922,137.35,6.26793700409553,0.3829414022575887,5.884995601837941,35.316050622781624
