data,vazao
8/1/1966,0.000
8/2/1966,0.000
8/3/1966,0.000
8/4/1966,0.000
8/5/1966,0.000
8/6/1966,0.000
8/7/1966,0.000
8/8/1966,0.000
8/9/1966,0.000
8/10/1966,0.000
8/11/1966,25.567
8/12/1966,23.879
8/13/1966,22.778
8/14/1966,22.235
8/15/1966,19.012
8/16/1966,16.930
8/17/1966,16.433
8/18/1966,15.946
8/19/1966,14.539
8/20/1966,12.790
8/21/1966,11.969
8/22/1966,10.801
8/23/1966,10.064
8/24/1966,9.360
8/25/1966,9.020
8/26/1966,8.048
8/27/1966,8.364
8/28/1966,7.740
8/29/1966,7.439
8/30/1966,6.860
8/31/1966,6.582
9/1/1966,8.688
9/2/1966,9.360
9/3/1966,10.064
9/4/1966,9.708
9/5/1966,9.020
9/6/1966,13.647
9/7/1966,17.436
9/8/1966,11.969
9/9/1966,9.360
9/10/1966,8.364
9/11/1966,7.439
9/12/1966,8.048
9/13/1966,7.146
9/14/1966,6.582
9/15/1966,6.047
9/16/1966,6.047
9/17/1966,5.297
9/18/1966,5.062
9/19/1966,4.610
9/20/1966,4.185
9/21/1966,4.833
9/22/1966,4.185
9/23/1966,3.786
9/24/1966,3.596
9/25/1966,3.413
9/26/1966,3.596
9/27/1966,3.786
9/28/1966,3.786
9/29/1966,4.185
9/30/1966,4.610
10/1/1966,4.185
10/2/1966,3.786
10/3/1966,3.413
10/4/1966,3.063
10/5/1966,3.063
10/6/1966,2.737
10/7/1966,2.434
10/8/1966,2.583
10/9/1966,2.434
10/10/1966,2.291
10/11/1966,2.022
10/12/1966,2.583
10/13/1966,2.434
10/14/1966,2.154
10/15/1966,1.773
10/16/1966,1.545
10/17/1966,1.656
10/18/1966,1.656
10/19/1966,1.545
10/20/1966,1.438
10/21/1966,1.336
10/22/1966,1.147
10/23/1966,0.975
10/24/1966,1.059
10/25/1966,0.683
10/26/1966,0.896
10/27/1966,0.821
10/28/1966,0.821
10/29/1966,0.896
10/30/1966,0.750
10/31/1966,0.821
11/1/1966,0.821
11/2/1966,0.821
11/3/1966,0.750
11/4/1966,0.896
11/5/1966,1.438
11/6/1966,1.336
11/7/1966,0.975
11/8/1966,0.896
11/9/1966,0.896
11/10/1966,1.059
11/11/1966,0.896
11/12/1966,0.750
11/13/1966,0.750
11/14/1966,0.821
11/15/1966,0.683
11/16/1966,0.821
11/17/1966,0.896
11/18/1966,0.896
11/19/1966,0.750
11/20/1966,1.059
11/21/1966,1.239
11/22/1966,1.239
11/23/1966,2.434
11/24/1966,2.022
11/25/1966,1.773
11/26/1966,2.737
11/27/1966,3.413
11/28/1966,2.291
11/29/1966,3.413
11/30/1966,5.540
12/1/1966,3.063
12/2/1966,2.737
12/3/1966,2.154
12/4/1966,1.545
12/5/1966,1.656
12/6/1966,1.336
12/7/1966,0.975
12/8/1966,1.059
12/9/1966,0.975
12/10/1966,0.683
12/11/1966,0.750
12/12/1966,0.683
12/13/1966,0.683
12/14/1966,0.683
12/15/1966,0.683
12/16/1966,0.620
12/17/1966,0.561
12/18/1966,0.683
12/19/1966,0.506
12/20/1966,0.561
12/21/1966,0.896
12/22/1966,0.620
12/23/1966,0.683
12/24/1966,2.737
12/25/1966,2.154
12/26/1966,1.895
12/27/1966,1.239
12/28/1966,0.975
12/29/1966,0.975
12/30/1966,0.683
12/31/1966,0.506
1/1/1967,0.506
1/2/1967,0.506
1/3/1967,0.454
1/4/1967,0.406
1/5/1967,0.361
1/6/1967,0.281
1/7/1967,0.281
1/8/1967,0.281
1/9/1967,0.281
1/10/1967,0.281
1/11/1967,0.213
1/12/1967,0.213
1/13/1967,0.213
1/14/1967,0.213
1/15/1967,0.213
1/16/1967,0.213
1/17/1967,0.213
1/18/1967,0.213
1/19/1967,0.213
1/20/1967,0.184
1/21/1967,0.184
1/22/1967,0.157
1/23/1967,0.133
1/24/1967,0.133
1/25/1967,0.133
1/26/1967,0.157
1/27/1967,0.133
1/28/1967,0.133
1/29/1967,0.111
1/30/1967,0.111
1/31/1967,0.133
2/1/1967,0.111
2/2/1967,0.184
2/3/1967,1.059
2/4/1967,2.897
2/5/1967,1.438
2/6/1967,0.821
2/7/1967,0.454
2/8/1967,0.245
2/9/1967,0.361
2/10/1967,0.281
2/11/1967,0.454
2/12/1967,1.336
2/13/1967,0.896
2/14/1967,0.620
2/15/1967,0.454
2/16/1967,0.361
2/17/1967,0.361
2/18/1967,0.683
2/19/1967,0.896
2/20/1967,1.336
2/21/1967,0.750
2/22/1967,0.454
2/23/1967,0.406
2/24/1967,0.406
2/25/1967,0.361
2/26/1967,0.406
2/27/1967,0.454
2/28/1967,0.406
3/1/1967,0.319
3/2/1967,0.506
3/3/1967,0.406
3/4/1967,0.561
3/5/1967,0.561
3/6/1967,0.406
3/7/1967,0.406
3/8/1967,0.319
3/9/1967,0.281
3/10/1967,0.281
3/11/1967,0.245
3/12/1967,3.413
3/13/1967,2.434
3/14/1967,2.291
3/15/1967,1.336
3/16/1967,6.047
3/17/1967,26.716
3/18/1967,20.635
3/19/1967,24.437
3/20/1967,13.647
3/21/1967,7.439
3/22/1967,35.928
3/23/1967,21.163
3/24/1967,12.375
3/25/1967,32.744
3/26/1967,69.289
3/27/1967,51.216
3/28/1967,20.635
3/29/1967,10.801
3/30/1967,17.436
3/31/1967,29.072
4/1/1967,13.214
4/2/1967,14.999
4/3/1967,34.004
4/4/1967,54.969
4/5/1967,127.565
4/6/1967,195.833
4/7/1967,124.446
4/8/1967,76.909
4/9/1967,54.210
4/10/1967,39.894
4/11/1967,26.716
4/12/1967,25.000
4/13/1967,34.004
4/14/1967,24.437
4/15/1967,17.436
4/16/1967,14.999
4/17/1967,34.004
4/18/1967,37.233
4/19/1967,76.047
4/20/1967,136.025
4/21/1967,83.040
4/22/1967,69.289
4/23/1967,37.891
4/24/1967,22.778
4/25/1967,16.930
4/26/1967,12.790
4/27/1967,11.969
4/28/1967,14.088
4/29/1967,17.436
4/30/1967,12.790
5/1/1967,11.969
5/2/1967,19.557
5/3/1967,47.564
5/4/1967,17.952
5/5/1967,13.647
5/6/1967,19.557
5/7/1967,32.744
5/8/1967,54.210
5/9/1967,95.827
5/10/1967,77.774
5/11/1967,63.572
5/12/1967,51.959
5/13/1967,35.282
5/14/1967,38.555
5/15/1967,70.121
5/16/1967,30.278
5/17/1967,26.716
5/18/1967,21.163
5/19/1967,20.112
5/20/1967,14.999
5/21/1967,13.214
5/22/1967,11.969
5/23/1967,12.375
5/24/1967,9.360
5/25/1967,9.020
5/26/1967,9.360
5/27/1967,9.708
5/28/1967,7.146
5/29/1967,7.439
5/30/1967,6.582
5/31/1967,6.047
6/1/1967,10.428
6/2/1967,20.112
6/3/1967,14.088
6/4/1967,16.433
6/5/1967,8.688
6/6/1967,9.020
6/7/1967,41.251
6/8/1967,30.887
6/9/1967,17.436
6/10/1967,10.428
6/11/1967,7.439
6/12/1967,9.708
6/13/1967,7.740
6/14/1967,26.716
6/15/1967,11.969
6/16/1967,9.708
6/17/1967,8.688
6/18/1967,7.740
6/19/1967,6.310
6/20/1967,5.297
6/21/1967,5.062
6/22/1967,6.310
6/23/1967,5.790
6/24/1967,5.062
6/25/1967,4.833
6/26/1967,4.833
6/27/1967,5.062
6/28/1967,4.395
6/29/1967,4.395
6/30/1967,4.610
7/1/1967,16.930
7/2/1967,71.796
7/3/1967,36.578
7/4/1967,23.326
7/5/1967,39.894
7/6/1967,37.891
7/7/1967,22.778
7/8/1967,17.952
7/9/1967,15.468
7/10/1967,14.539
7/11/1967,25.567
7/12/1967,70.121
7/13/1967,46.846
7/14/1967,26.716
7/15/1967,16.930
7/16/1967,12.375
7/17/1967,10.064
7/18/1967,8.364
7/19/1967,7.740
7/20/1967,6.860
7/21/1967,6.582
7/22/1967,6.047
7/23/1967,5.790
7/24/1967,5.540
7/25/1967,5.297
7/26/1967,4.610
7/27/1967,4.833
7/28/1967,5.540
7/29/1967,8.688
7/30/1967,6.310
7/31/1967,6.860
8/1/1967,11.181
8/2/1967,12.375
8/3/1967,9.360
8/4/1967,7.740
8/5/1967,6.582
8/6/1967,6.582
8/7/1967,7.146
8/8/1967,6.047
8/9/1967,5.540
8/10/1967,5.540
8/11/1967,3.413
8/12/1967,4.395
8/13/1967,4.185
8/14/1967,4.185
8/15/1967,3.786
8/16/1967,3.413
8/17/1967,19.012
8/18/1967,6.860
8/19/1967,7.740
8/20/1967,20.635
8/21/1967,8.364
8/22/1967,6.860
8/23/1967,5.790
8/24/1967,4.395
8/25/1967,3.983
8/26/1967,3.596
8/27/1967,3.596
8/28/1967,3.413
8/29/1967,4.395
8/30/1967,3.983
8/31/1967,3.983
9/1/1967,4.395
9/2/1967,3.983
9/3/1967,3.786
9/4/1967,3.786
9/5/1967,3.413
9/6/1967,3.235
9/7/1967,3.063
9/8/1967,2.583
9/9/1967,2.291
9/10/1967,2.154
9/11/1967,2.022
9/12/1967,1.895
9/13/1967,1.895
9/14/1967,1.895
9/15/1967,1.773
9/16/1967,1.545
9/17/1967,1.438
9/18/1967,1.438
9/19/1967,1.545
9/20/1967,1.545
9/21/1967,1.545
9/22/1967,1.438
9/23/1967,1.336
9/24/1967,1.895
9/25/1967,1.545
9/26/1967,1.656
9/27/1967,1.545
9/28/1967,1.545
9/29/1967,1.545
9/30/1967,1.438
10/1/1967,1.656
10/2/1967,1.656
10/3/1967,1.545
10/4/1967,1.545
10/5/1967,1.773
10/6/1967,1.773
10/7/1967,2.291
10/8/1967,2.291
10/9/1967,2.154
10/10/1967,1.773
10/11/1967,1.773
10/12/1967,1.773
10/13/1967,1.656
10/14/1967,1.545
10/15/1967,1.545
10/16/1967,1.545
10/17/1967,1.773
10/18/1967,1.545
10/19/1967,1.438
10/20/1967,1.438
10/21/1967,1.239
10/22/1967,1.147
10/23/1967,1.059
10/24/1967,0.975
10/25/1967,0.975
10/26/1967,0.975
10/27/1967,0.975
10/28/1967,0.896
10/29/1967,0.975
10/30/1967,0.821
10/31/1967,0.620
11/1/1967,0.750
11/2/1967,0.683
11/3/1967,0.683
11/4/1967,0.620
11/5/1967,0.620
11/6/1967,0.506
11/7/1967,0.561
11/8/1967,0.561
11/9/1967,0.561
11/10/1967,0.506
11/11/1967,0.506
11/12/1967,0.506
11/13/1967,0.454
11/14/1967,0.454
11/15/1967,0.454
11/16/1967,0.454
11/17/1967,0.454
11/18/1967,0.454
11/19/1967,0.454
11/20/1967,0.406
11/21/1967,0.406
11/22/1967,0.406
11/23/1967,0.406
11/24/1967,0.454
11/25/1967,0.406
11/26/1967,0.406
11/27/1967,0.406
11/28/1967,0.406
11/29/1967,0.406
11/30/1967,0.406
12/1/1967,0.406
12/2/1967,0.361
12/3/1967,0.361
12/4/1967,0.319
12/5/1967,0.319
12/6/1967,0.319
12/7/1967,0.361
12/8/1967,0.319
12/9/1967,0.319
12/10/1967,0.281
12/11/1967,0.281
12/12/1967,0.281
12/13/1967,0.245
12/14/1967,0.245
12/15/1967,0.245
12/16/1967,0.281
12/17/1967,0.245
12/18/1967,0.213
12/19/1967,0.184
12/20/1967,0.184
12/21/1967,0.213
12/22/1967,0.213
12/23/1967,0.184
12/24/1967,0.184
12/25/1967,0.213
12/26/1967,0.184
12/27/1967,0.245
12/28/1967,0.281
12/29/1967,1.336
12/30/1967,4.833
12/31/1967,1.239
1/1/1968,4.833
1/2/1968,7.740
1/3/1968,5.297
1/4/1968,3.786
1/5/1968,2.737
1/6/1968,2.154
1/7/1968,1.656
1/8/1968,1.438
1/9/1968,1.438
1/10/1968,1.239
1/11/1968,1.147
1/12/1968,0.975
1/13/1968,0.896
1/14/1968,0.750
1/15/1968,0.821
1/16/1968,0.821
1/17/1968,0.750
1/18/1968,0.750
1/19/1968,0.683
1/20/1968,0.750
1/21/1968,0.821
1/22/1968,7.146
1/23/1968,8.364
1/24/1968,2.022
1/25/1968,4.185
1/26/1968,19.012
1/27/1968,17.436
1/28/1968,9.360
1/29/1968,8.048
1/30/1968,6.582
1/31/1968,6.310
2/1/1968,5.790
2/2/1968,4.395
2/3/1968,3.786
2/4/1968,3.063
2/5/1968,2.583
2/6/1968,2.154
2/7/1968,2.022
2/8/1968,1.895
2/9/1968,1.895
2/10/1968,1.773
2/11/1968,1.545
2/12/1968,1.438
2/13/1968,1.438
2/14/1968,1.239
2/15/1968,1.336
2/16/1968,1.147
2/17/1968,1.059
2/18/1968,0.896
2/19/1968,0.896
2/20/1968,0.750
2/21/1968,0.750
2/22/1968,0.750
2/23/1968,0.620
2/24/1968,0.620
2/25/1968,0.620
2/26/1968,1.239
2/27/1968,5.540
2/28/1968,3.413
2/29/1968,2.291
3/1/1968,1.895
3/2/1968,1.438
3/3/1968,1.336
3/4/1968,1.656
3/5/1968,1.895
3/6/1968,2.022
3/7/1968,1.895
3/8/1968,1.545
3/9/1968,1.336
3/10/1968,1.239
3/11/1968,1.239
3/12/1968,1.239
3/13/1968,3.983
3/14/1968,3.235
3/15/1968,2.583
3/16/1968,4.395
3/17/1968,3.063
3/18/1968,3.235
3/19/1968,3.983
3/20/1968,5.540
3/21/1968,4.610
3/22/1968,10.801
3/23/1968,17.436
3/24/1968,14.539
3/25/1968,13.647
3/26/1968,14.539
3/27/1968,12.375
3/28/1968,4.833
3/29/1968,5.790
3/30/1968,4.610
3/31/1968,3.983
4/1/1968,3.596
4/2/1968,3.235
4/3/1968,2.737
4/4/1968,2.434
4/5/1968,2.154
4/6/1968,2.154
4/7/1968,1.895
4/8/1968,1.773
4/9/1968,1.773
4/10/1968,1.773
4/11/1968,1.656
4/12/1968,1.336
4/13/1968,2.022
4/14/1968,1.656
4/15/1968,1.545
4/16/1968,1.239
4/17/1968,1.147
4/18/1968,1.147
4/19/1968,1.336
4/20/1968,1.147
4/21/1968,1.059
4/22/1968,0.896
4/23/1968,0.896
4/24/1968,1.336
4/25/1968,0.975
4/26/1968,1.545
4/27/1968,1.545
4/28/1968,5.062
4/29/1968,9.020
4/30/1968,10.428
5/1/1968,8.364
5/2/1968,6.310
5/3/1968,5.297
5/4/1968,4.833
5/5/1968,11.181
5/6/1968,14.539
5/7/1968,11.969
5/8/1968,9.020
5/9/1968,8.688
5/10/1968,8.364
5/11/1968,6.582
5/12/1968,7.740
5/13/1968,5.540
5/14/1968,4.610
5/15/1968,5.297
5/16/1968,3.983
5/17/1968,19.557
5/18/1968,8.048
5/19/1968,5.297
5/20/1968,6.860
5/21/1968,5.297
5/22/1968,4.395
5/23/1968,4.610
5/24/1968,4.610
5/25/1968,4.185
5/26/1968,3.786
5/27/1968,3.596
5/28/1968,3.596
5/29/1968,2.897
5/30/1968,2.583
5/31/1968,2.737
6/1/1968,5.062
6/2/1968,3.235
6/3/1968,2.737
6/4/1968,2.434
6/5/1968,2.154
6/6/1968,2.022
6/7/1968,2.022
6/8/1968,1.773
6/9/1968,1.656
6/10/1968,1.545
6/11/1968,1.438
6/12/1968,1.545
6/13/1968,1.336
6/14/1968,1.239
6/15/1968,1.545
6/16/1968,1.239
6/17/1968,2.434
6/18/1968,2.434
6/19/1968,2.022
6/20/1968,1.656
6/21/1968,1.545
6/22/1968,1.656
6/23/1968,1.545
6/24/1968,1.438
6/25/1968,1.438
6/26/1968,1.336
6/27/1968,1.239
6/28/1968,1.239
6/29/1968,2.022
6/30/1968,2.022
7/1/1968,1.336
7/2/1968,1.059
7/3/1968,0.975
7/4/1968,0.896
7/5/1968,1.773
7/6/1968,2.434
7/7/1968,1.895
7/8/1968,2.291
7/9/1968,2.022
7/10/1968,1.773
7/11/1968,1.656
7/12/1968,6.860
7/13/1968,9.020
7/14/1968,3.983
7/15/1968,3.413
7/16/1968,3.596
7/17/1968,3.063
7/18/1968,5.790
7/19/1968,4.610
7/20/1968,3.786
7/21/1968,6.860
7/22/1968,4.395
7/23/1968,3.413
7/24/1968,3.063
7/25/1968,2.737
7/26/1968,2.434
7/27/1968,2.154
7/28/1968,2.022
7/29/1968,1.895
7/30/1968,1.773
7/31/1968,1.773
8/1/1968,2.434
8/2/1968,2.291
8/3/1968,2.154
8/4/1968,1.895
8/5/1968,1.656
8/6/1968,1.773
8/7/1968,1.656
8/8/1968,1.545
8/9/1968,1.336
8/10/1968,1.239
8/11/1968,1.239
8/12/1968,1.147
8/13/1968,0.821
8/14/1968,0.821
8/15/1968,0.683
8/16/1968,0.454
8/17/1968,0.683
8/18/1968,0.319
8/19/1968,0.213
8/20/1968,0.213
8/21/1968,0.319
8/22/1968,0.454
8/23/1968,0.454
8/24/1968,0.454
8/25/1968,0.454
8/26/1968,0.896
8/27/1968,0.896
8/28/1968,0.620
8/29/1968,0.683
8/30/1968,0.620
8/31/1968,0.821
9/1/1968,0.561
9/2/1968,0.506
9/3/1968,0.561
9/4/1968,0.454
9/5/1968,0.406
9/6/1968,0.406
9/7/1968,0.319
9/8/1968,0.319
9/9/1968,0.506
9/10/1968,0.683
9/11/1968,0.620
9/12/1968,0.620
9/13/1968,0.506
9/14/1968,0.406
9/15/1968,0.406
9/16/1968,0.406
9/17/1968,0.245
9/18/1968,0.406
9/19/1968,0.454
9/20/1968,0.406
9/21/1968,0.406
9/22/1968,0.406
9/23/1968,0.361
9/24/1968,0.361
9/25/1968,0.361
9/26/1968,0.506
9/27/1968,0.406
9/28/1968,0.319
9/29/1968,0.319
9/30/1968,0.319
10/1/1968,0.319
10/2/1968,0.319
10/3/1968,0.245
10/4/1968,0.213
10/5/1968,0.184
10/6/1968,0.213
10/7/1968,0.213
10/8/1968,0.213
10/9/1968,0.157
10/10/1968,0.157
10/11/1968,0.092
10/12/1968,0.060
10/13/1968,0.092
10/14/1968,0.133
10/15/1968,0.157
10/16/1968,0.213
10/17/1968,0.060
10/18/1968,0.060
10/19/1968,0.060
10/20/1968,0.060
10/21/1968,0.060
10/22/1968,0.060
10/23/1968,0.060
10/24/1968,0.060
10/25/1968,0.060
10/26/1968,0.075
10/27/1968,0.092
10/28/1968,0.111
10/29/1968,0.092
10/30/1968,0.092
10/31/1968,0.092
11/1/1968,0.092
11/2/1968,0.060
11/3/1968,0.060
11/4/1968,0.060
11/5/1968,0.060
11/6/1968,0.060
11/7/1968,0.060
11/8/1968,0.047
11/9/1968,0.047
11/10/1968,0.047
11/11/1968,0.047
11/12/1968,0.047
11/13/1968,0.047
11/14/1968,0.047
11/15/1968,0.047
11/16/1968,0.047
11/17/1968,0.047
11/18/1968,0.047
11/19/1968,0.047
11/20/1968,0.036
11/21/1968,0.036
11/22/1968,0.036
11/23/1968,0.036
11/24/1968,0.036
11/25/1968,0.036
11/26/1968,0.036
11/27/1968,0.036
11/28/1968,0.027
11/29/1968,0.027
11/30/1968,0.027
12/1/1968,0.027
12/2/1968,0.027
12/3/1968,0.036
12/4/1968,0.047
12/5/1968,0.047
12/6/1968,0.027
12/7/1968,0.020
12/8/1968,0.020
12/9/1968,0.020
12/10/1968,0.027
12/11/1968,0.027
12/12/1968,0.036
12/13/1968,0.047
12/14/1968,0.047
12/15/1968,0.047
12/16/1968,0.047
12/17/1968,0.047
12/18/1968,0.047
12/19/1968,0.047
12/20/1968,0.047
12/21/1968,0.047
12/22/1968,0.036
12/23/1968,0.036
12/24/1968,0.047
12/25/1968,0.047
12/26/1968,4.833
12/27/1968,1.059
12/28/1968,0.213
12/29/1968,0.506
12/30/1968,0.361
12/31/1968,0.281
1/1/1969,0.213
1/2/1969,0.157
1/3/1969,0.133
1/4/1969,0.111
1/5/1969,0.092
1/6/1969,0.075
1/7/1969,0.047
1/8/1969,0.047
1/9/1969,0.245
1/10/1969,0.506
1/11/1969,0.281
1/12/1969,0.157
1/13/1969,0.111
1/14/1969,0.111
1/15/1969,0.075
1/16/1969,0.092
1/17/1969,0.075
1/18/1969,0.075
1/19/1969,0.060
1/20/1969,0.047
1/21/1969,0.047
1/22/1969,4.833
1/23/1969,17.436
1/24/1969,3.983
1/25/1969,2.154
1/26/1969,1.336
1/27/1969,2.583
1/28/1969,2.291
1/29/1969,1.656
1/30/1969,1.147
1/31/1969,0.750
2/1/1969,1.239
2/2/1969,0.821
2/3/1969,0.561
2/4/1969,0.454
2/5/1969,0.361
2/6/1969,0.245
2/7/1969,0.245
2/8/1969,0.184
2/9/1969,0.157
2/10/1969,0.184
2/11/1969,0.319
2/12/1969,0.561
2/13/1969,1.336
2/14/1969,0.821
2/15/1969,0.561
2/16/1969,0.454
2/17/1969,0.361
2/18/1969,0.281
2/19/1969,0.213
2/20/1969,0.184
2/21/1969,0.157
2/22/1969,1.773
2/23/1969,9.020
2/24/1969,1.656
2/25/1969,1.438
2/26/1969,0.821
2/27/1969,0.406
2/28/1969,0.506
3/1/1969,0.620
3/2/1969,0.561
3/3/1969,0.561
3/4/1969,0.506
3/5/1969,0.361
3/6/1969,0.281
3/7/1969,0.213
3/8/1969,0.213
3/9/1969,0.213
3/10/1969,0.133
3/11/1969,0.213
3/12/1969,0.975
3/13/1969,3.786
3/14/1969,273.349
3/15/1969,329.172
3/16/1969,249.083
3/17/1969,210.774
3/18/1969,102.476
3/19/1969,51.959
3/20/1969,32.121
3/21/1969,24.437
3/22/1969,17.436
3/23/1969,14.539
3/24/1969,11.181
3/25/1969,11.181
3/26/1969,11.181
3/27/1969,21.163
3/28/1969,11.181
3/29/1969,8.048
3/30/1969,6.582
3/31/1969,6.860
4/1/1969,72.639
4/2/1969,105.376
4/3/1969,63.572
4/4/1969,175.384
4/5/1969,37.891
4/6/1969,26.139
4/7/1969,19.012
4/8/1969,17.436
4/9/1969,15.468
4/10/1969,12.790
4/11/1969,10.428
4/12/1969,9.020
4/13/1969,7.439
4/14/1969,10.064
4/15/1969,9.360
4/16/1969,20.112
4/17/1969,60.389
4/18/1969,18.477
4/19/1969,13.647
4/20/1969,7.740
4/21/1969,8.048
4/22/1969,6.310
4/23/1969,4.833
4/24/1969,3.983
4/25/1969,3.413
4/26/1969,2.022
4/27/1969,2.291
4/28/1969,2.154
4/29/1969,1.895
4/30/1969,1.773
5/1/1969,2.022
5/2/1969,1.656
5/3/1969,3.413
5/4/1969,1.656
5/5/1969,2.154
5/6/1969,2.583
5/7/1969,1.895
5/8/1969,1.656
5/9/1969,1.336
5/10/1969,1.239
5/11/1969,3.983
5/12/1969,3.983
5/13/1969,4.185
5/14/1969,3.786
5/15/1969,2.434
5/16/1969,1.336
5/17/1969,0.683
5/18/1969,2.154
5/19/1969,2.154
5/20/1969,6.047
5/21/1969,11.969
5/22/1969,7.146
5/23/1969,7.740
5/24/1969,8.364
5/25/1969,23.326
5/26/1969,39.222
5/27/1969,17.952
5/28/1969,9.360
5/29/1969,9.020
5/30/1969,9.360
5/31/1969,12.790
6/1/1969,7.740
6/2/1969,4.610
6/3/1969,21.696
6/4/1969,16.930
6/5/1969,7.740
6/6/1969,4.610
6/7/1969,3.413
6/8/1969,4.833
6/9/1969,6.047
6/10/1969,3.983
6/11/1969,7.439
6/12/1969,21.696
6/13/1969,20.635
6/14/1969,158.055
6/15/1969,155.797
6/16/1969,56.498
6/17/1969,39.894
6/18/1969,39.222
6/19/1969,34.641
6/20/1969,43.317
6/21/1969,29.072
6/22/1969,19.012
6/23/1969,15.468
6/24/1969,41.935
6/25/1969,45.422
6/26/1969,34.641
6/27/1969,20.635
6/28/1969,17.436
6/29/1969,20.112
6/30/1969,21.163
7/1/1969,17.436
7/2/1969,28.476
7/3/1969,142.503
7/4/1969,116.271
7/5/1969,109.291
7/6/1969,122.383
7/7/1969,71.796
7/8/1969,51.216
7/9/1969,51.216
7/10/1969,39.222
7/11/1969,25.567
7/12/1969,30.278
7/13/1969,54.210
7/14/1969,75.190
7/15/1969,65.187
7/16/1969,38.555
7/17/1969,28.476
7/18/1969,27.298
7/19/1969,62.771
7/20/1969,137.096
7/21/1969,134.956
7/22/1969,76.047
7/23/1969,63.572
7/24/1969,46.846
7/25/1969,76.047
7/26/1969,54.210
7/27/1969,36.578
7/28/1969,34.004
7/29/1969,33.372
7/30/1969,27.298
7/31/1969,22.778
8/1/1969,34.004
8/2/1969,30.278
8/3/1969,22.235
8/4/1969,19.012
8/5/1969,16.930
8/6/1969,22.778
8/7/1969,23.879
8/8/1969,17.436
8/9/1969,14.999
8/10/1969,11.969
8/11/1969,10.428
8/12/1969,11.969
8/13/1969,9.360
8/14/1969,9.360
8/15/1969,6.047
8/16/1969,8.048
8/17/1969,7.439
8/18/1969,7.146
8/19/1969,5.790
8/20/1969,5.297
8/21/1969,4.833
8/22/1969,4.610
8/23/1969,5.062
8/24/1969,4.395
8/25/1969,4.185
8/26/1969,3.983
8/27/1969,3.983
8/28/1969,3.596
8/29/1969,3.596
8/30/1969,3.596
8/31/1969,3.413
9/1/1969,2.897
9/2/1969,2.737
9/3/1969,2.737
9/4/1969,2.737
9/5/1969,2.897
9/6/1969,3.235
9/7/1969,3.063
9/8/1969,2.897
9/9/1969,2.737
9/10/1969,2.737
9/11/1969,2.583
9/12/1969,2.291
9/13/1969,2.154
9/14/1969,1.773
9/15/1969,1.656
9/16/1969,1.656
9/17/1969,1.336
9/18/1969,1.239
9/19/1969,1.147
9/20/1969,1.147
9/21/1969,1.239
9/22/1969,1.059
9/23/1969,0.975
9/24/1969,0.896
9/25/1969,0.683
9/26/1969,0.750
9/27/1969,1.059
9/28/1969,1.059
9/29/1969,1.059
9/30/1969,0.975
10/1/1969,0.975
10/2/1969,0.896
10/3/1969,0.975
10/4/1969,0.896
10/5/1969,0.750
10/6/1969,0.750
10/7/1969,0.750
10/8/1969,0.620
10/9/1969,0.561
10/10/1969,1.147
10/11/1969,0.821
10/12/1969,0.620
10/13/1969,0.683
10/14/1969,0.620
10/15/1969,0.561
10/16/1969,0.561
10/17/1969,0.506
10/18/1969,0.454
10/19/1969,0.506
10/20/1969,0.561
10/21/1969,0.561
10/22/1969,0.896
10/23/1969,0.561
10/24/1969,0.361
10/25/1969,0.506
10/26/1969,0.454
10/27/1969,0.406
10/28/1969,0.319
10/29/1969,0.361
10/30/1969,0.683
10/31/1969,0.406
11/1/1969,0.406
11/2/1969,0.319
11/3/1969,0.184
11/4/1969,0.213
11/5/1969,0.245
11/6/1969,0.245
11/7/1969,0.245
11/8/1969,0.245
11/9/1969,0.245
11/10/1969,0.184
11/11/1969,0.184
11/12/1969,0.184
11/13/1969,0.184
11/14/1969,0.213
11/15/1969,0.319
11/16/1969,0.213
11/17/1969,0.213
11/18/1969,0.213
11/19/1969,0.245
11/20/1969,0.319
11/21/1969,0.319
11/22/1969,0.683
11/23/1969,0.319
11/24/1969,0.281
11/25/1969,0.245
11/26/1969,0.245
11/27/1969,0.157
11/28/1969,0.157
11/29/1969,0.133
11/30/1969,0.133
12/1/1969,0.133
12/2/1969,0.133
12/3/1969,0.111
12/4/1969,0.075
12/5/1969,0.075
12/6/1969,0.075
12/7/1969,0.075
12/8/1969,0.075
12/9/1969,0.075
12/10/1969,0.060
12/11/1969,0.000
12/12/1969,0.000
12/13/1969,0.000
12/14/1969,0.000
12/15/1969,0.000
12/16/1969,0.000
12/17/1969,0.000
12/18/1969,0.000
12/19/1969,0.000
12/20/1969,0.000
12/21/1969,0.000
12/22/1969,0.000
12/23/1969,0.000
12/24/1969,0.000
12/25/1969,0.000
12/26/1969,0.000
12/27/1969,0.000
12/28/1969,0.000
12/29/1969,0.000
12/30/1969,0.000
12/31/1969,0.000
1/1/1970,0.000
1/2/1970,0.000
1/3/1970,0.075
1/4/1970,0.075
1/5/1970,0.000
1/6/1970,0.000
1/7/1970,0.000
1/8/1970,0.000
1/9/1970,0.000
1/10/1970,0.000
1/11/1970,0.000
1/12/1970,0.000
1/13/1970,0.000
1/14/1970,0.000
1/15/1970,0.000
1/16/1970,0.000
1/17/1970,0.000
1/18/1970,0.000
1/19/1970,0.000
1/20/1970,0.000
1/21/1970,0.000
1/22/1970,0.000
1/23/1970,0.000
1/24/1970,0.000
1/25/1970,0.000
1/26/1970,0.000
1/27/1970,0.000
1/28/1970,0.000
1/29/1970,0.000
1/30/1970,0.000
1/31/1970,0.561
2/1/1970,0.454
2/2/1970,0.361
2/3/1970,0.319
2/4/1970,0.245
2/5/1970,0.506
2/6/1970,0.506
2/7/1970,0.406
2/8/1970,0.406
2/9/1970,0.821
2/10/1970,0.506
2/11/1970,0.406
2/12/1970,0.361
2/13/1970,0.319
2/14/1970,0.184
2/15/1970,0.157
2/16/1970,0.133
2/17/1970,0.133
2/18/1970,0.092
2/19/1970,0.092
2/20/1970,0.092
2/21/1970,0.075
2/22/1970,0.092
2/23/1970,0.133
2/24/1970,0.111
2/25/1970,0.184
2/26/1970,0.111
2/27/1970,0.092
2/28/1970,0.213
3/1/1970,3.413
3/2/1970,1.239
3/3/1970,2.291
3/4/1970,1.239
3/5/1970,0.821
3/6/1970,0.975
3/7/1970,0.896
3/8/1970,0.561
3/9/1970,1.656
3/10/1970,1.438
3/11/1970,1.059
3/12/1970,0.896
3/13/1970,10.064
3/14/1970,3.413
3/15/1970,2.291
3/16/1970,1.895
3/17/1970,2.154
3/18/1970,1.545
3/19/1970,23.879
3/20/1970,9.360
3/21/1970,4.833
3/22/1970,3.786
3/23/1970,3.063
3/24/1970,1.895
3/25/1970,1.656
3/26/1970,2.022
3/27/1970,1.438
3/28/1970,1.059
3/29/1970,0.896
3/30/1970,0.821
3/31/1970,4.395
4/1/1970,2.291
4/2/1970,2.291
4/3/1970,1.656
4/4/1970,1.438
4/5/1970,3.596
4/6/1970,2.737
4/7/1970,1.545
4/8/1970,1.239
4/9/1970,0.896
4/10/1970,0.750
4/11/1970,0.750
4/12/1970,0.561
4/13/1970,0.506
4/14/1970,3.786
4/15/1970,1.656
4/16/1970,0.561
4/17/1970,0.406
4/18/1970,0.683
4/19/1970,0.750
4/20/1970,0.506
4/21/1970,0.561
4/22/1970,0.561
4/23/1970,2.154
4/24/1970,8.688
4/25/1970,11.181
4/26/1970,14.539
4/27/1970,14.999
4/28/1970,7.740
4/29/1970,6.047
4/30/1970,4.395
5/1/1970,3.063
5/2/1970,2.434
5/3/1970,2.022
5/4/1970,1.773
5/5/1970,1.336
5/6/1970,2.291
5/7/1970,1.239
5/8/1970,1.059
5/9/1970,0.975
5/10/1970,0.750
5/11/1970,0.683
5/12/1970,0.683
5/13/1970,0.896
5/14/1970,1.438
5/15/1970,1.059
5/16/1970,0.896
5/17/1970,0.683
5/18/1970,0.561
5/19/1970,0.406
5/20/1970,0.620
5/21/1970,0.506
5/22/1970,0.406
5/23/1970,0.406
5/24/1970,0.454
5/25/1970,0.406
5/26/1970,0.281
5/27/1970,0.319
5/28/1970,0.245
5/29/1970,0.245
5/30/1970,0.245
5/31/1970,0.454
6/1/1970,0.683
6/2/1970,39.222
6/3/1970,26.139
6/4/1970,9.360
6/5/1970,7.439
6/6/1970,7.740
6/7/1970,6.310
6/8/1970,7.740
6/9/1970,4.610
6/10/1970,3.786
6/11/1970,3.063
6/12/1970,2.583
6/13/1970,2.291
6/14/1970,1.656
6/15/1970,1.545
6/16/1970,1.336
6/17/1970,1.239
6/18/1970,1.059
6/19/1970,1.147
6/20/1970,0.896
6/21/1970,0.896
6/22/1970,3.063
6/23/1970,1.656
6/24/1970,2.154
6/25/1970,1.438
6/26/1970,1.239
6/27/1970,1.147
6/28/1970,1.059
6/29/1970,0.896
6/30/1970,0.975
7/1/1970,0.896
7/2/1970,1.438
7/3/1970,1.147
7/4/1970,0.821
7/5/1970,0.821
7/6/1970,0.750
7/7/1970,0.750
7/8/1970,0.750
7/9/1970,0.683
7/10/1970,0.561
7/11/1970,0.506
7/12/1970,0.506
7/13/1970,0.454
7/14/1970,0.361
7/15/1970,0.361
7/16/1970,0.319
7/17/1970,0.454
7/18/1970,0.506
7/19/1970,3.786
7/20/1970,94.890
7/21/1970,745.765
7/22/1970,262.214
7/23/1970,66.000
7/24/1970,42.624
7/25/1970,32.121
7/26/1970,23.326
7/27/1970,19.557
7/28/1970,22.235
7/29/1970,39.222
7/30/1970,30.278
7/31/1970,23.326
8/1/1970,29.072
8/2/1970,30.887
8/3/1970,23.326
8/4/1970,22.778
8/5/1970,32.121
8/6/1970,27.298
8/7/1970,25.000
8/8/1970,19.012
8/9/1970,15.468
8/10/1970,67.637
8/11/1970,404.284
8/12/1970,114.260
8/13/1970,47.564
8/14/1970,34.004
8/15/1970,45.422
8/16/1970,46.132
8/17/1970,30.278
8/18/1970,21.696
8/19/1970,16.433
8/20/1970,12.790
8/21/1970,11.181
8/22/1970,7.439
8/23/1970,8.688
8/24/1970,8.048
8/25/1970,8.364
8/26/1970,7.439
8/27/1970,6.860
8/28/1970,6.582
8/29/1970,8.364
8/30/1970,7.740
8/31/1970,7.740
9/1/1970,7.146
9/2/1970,6.310
9/3/1970,5.540
9/4/1970,4.833
9/5/1970,4.395
9/6/1970,3.983
9/7/1970,3.786
9/8/1970,3.786
9/9/1970,3.596
9/10/1970,3.413
9/11/1970,3.235
9/12/1970,3.063
9/13/1970,3.235
9/14/1970,2.897
9/15/1970,2.737
9/16/1970,2.583
9/17/1970,2.154
9/18/1970,2.434
9/19/1970,2.291
9/20/1970,3.063
9/21/1970,2.583
9/22/1970,2.291
9/23/1970,2.154
9/24/1970,2.154
9/25/1970,2.154
9/26/1970,2.022
9/27/1970,1.773
9/28/1970,1.656
9/29/1970,2.154
9/30/1970,2.022
10/1/1970,1.895
10/2/1970,1.773
10/3/1970,1.656
10/4/1970,1.438
10/5/1970,1.336
10/6/1970,1.239
10/7/1970,1.059
10/8/1970,1.239
10/9/1970,1.147
10/10/1970,1.059
10/11/1970,1.059
10/12/1970,0.975
10/13/1970,0.896
10/14/1970,0.896
10/15/1970,0.896
10/16/1970,1.336
10/17/1970,0.975
10/18/1970,0.821
10/19/1970,0.620
10/20/1970,0.683
10/21/1970,0.821
10/22/1970,0.750
10/23/1970,0.620
10/24/1970,0.750
10/25/1970,0.683
10/26/1970,0.750
10/27/1970,1.147
10/28/1970,0.683
10/29/1970,0.506
10/30/1970,0.561
10/31/1970,0.561
11/1/1970,0.561
11/2/1970,0.561
11/3/1970,0.821
11/4/1970,0.620
11/5/1970,0.683
11/6/1970,0.561
11/7/1970,0.506
11/8/1970,0.506
11/9/1970,0.683
11/10/1970,0.620
11/11/1970,0.620
11/12/1970,0.620
11/13/1970,0.620
11/14/1970,0.506
11/15/1970,0.506
11/16/1970,0.506
11/17/1970,0.506
11/18/1970,0.506
11/19/1970,0.506
11/20/1970,0.406
11/21/1970,0.406
11/22/1970,0.406
11/23/1970,0.406
11/24/1970,0.896
11/25/1970,0.454
11/26/1970,0.319
11/27/1970,0.319
11/28/1970,0.319
11/29/1970,0.319
11/30/1970,0.319
12/1/1970,0.213
12/2/1970,0.213
12/3/1970,0.213
12/4/1970,0.213
12/5/1970,0.213
12/6/1970,0.213
12/7/1970,0.184
12/8/1970,0.157
12/9/1970,0.157
12/10/1970,0.319
12/11/1970,0.184
12/12/1970,0.184
12/13/1970,0.157
12/14/1970,0.184
12/15/1970,0.184
12/16/1970,0.157
12/17/1970,0.157
12/18/1970,0.157
12/19/1970,0.157
12/20/1970,0.157
12/21/1970,0.157
12/22/1970,0.406
12/23/1970,0.245
12/24/1970,0.157
12/25/1970,0.157
12/26/1970,0.157
12/27/1970,0.133
12/28/1970,0.111
12/29/1970,0.111
12/30/1970,0.111
12/31/1970,0.111
1/1/1971,0.111
1/2/1971,0.111
1/3/1971,0.092
1/4/1971,0.111
1/5/1971,0.092
1/6/1971,0.111
1/7/1971,0.111
1/8/1971,0.111
1/9/1971,0.111
1/10/1971,0.157
1/11/1971,0.184
1/12/1971,0.319
1/13/1971,0.184
1/14/1971,0.184
1/15/1971,0.245
1/16/1971,0.245
1/17/1971,0.213
1/18/1971,0.184
1/19/1971,0.213
1/20/1971,0.245
1/21/1971,0.213
1/22/1971,0.213
1/23/1971,0.245
1/24/1971,0.361
1/25/1971,0.319
1/26/1971,0.281
1/27/1971,0.319
1/28/1971,0.281
1/29/1971,0.319
1/30/1971,0.213
1/31/1971,0.213
2/1/1971,0.213
2/2/1971,0.184
2/3/1971,1.895
2/4/1971,0.406
2/5/1971,0.319
2/6/1971,0.184
2/7/1971,0.157
2/8/1971,0.133
2/9/1971,0.133
2/10/1971,0.111
2/11/1971,0.157
2/12/1971,0.133
2/13/1971,0.157
2/14/1971,0.133
2/15/1971,0.133
2/16/1971,0.213
2/17/1971,0.319
2/18/1971,0.184
2/19/1971,0.157
2/20/1971,0.157
2/21/1971,0.133
2/22/1971,0.133
2/23/1971,0.133
2/24/1971,0.092
2/25/1971,0.092
2/26/1971,0.092
2/27/1971,0.111
2/28/1971,0.092
3/1/1971,0.092
3/2/1971,0.092
3/3/1971,0.075
3/4/1971,0.075
3/5/1971,0.075
3/6/1971,0.075
3/7/1971,0.092
3/8/1971,0.075
3/9/1971,0.075
3/10/1971,0.060
3/11/1971,0.060
3/12/1971,0.092
3/13/1971,0.092
3/14/1971,0.184
3/15/1971,0.157
3/16/1971,0.245
3/17/1971,0.683
3/18/1971,0.281
3/19/1971,0.157
3/20/1971,0.133
3/21/1971,0.092
3/22/1971,0.111
3/23/1971,0.111
3/24/1971,0.092
3/25/1971,0.406
3/26/1971,0.561
3/27/1971,0.454
3/28/1971,0.750
3/29/1971,0.406
3/30/1971,0.454
3/31/1971,0.184
4/1/1971,0.157
4/2/1971,0.157
4/3/1971,0.406
4/4/1971,0.319
4/5/1971,22.778
4/6/1971,15.946
4/7/1971,8.688
4/8/1971,35.928
4/9/1971,32.744
4/10/1971,34.641
4/11/1971,81.270
4/12/1971,53.456
4/13/1971,58.043
4/14/1971,34.004
4/15/1971,49.743
4/16/1971,35.282
4/17/1971,27.298
4/18/1971,17.436
4/19/1971,11.181
4/20/1971,8.688
4/21/1971,6.582
4/22/1971,6.047
4/23/1971,9.020
4/24/1971,8.364
4/25/1971,12.375
4/26/1971,25.000
4/27/1971,27.298
4/28/1971,12.790
4/29/1971,8.364
4/30/1971,9.020
5/1/1971,7.439
5/2/1971,6.582
5/3/1971,5.540
5/4/1971,9.708
5/5/1971,5.540
5/6/1971,5.540
5/7/1971,4.610
5/8/1971,19.012
5/9/1971,6.860
5/10/1971,5.297
5/11/1971,5.297
5/12/1971,4.185
5/13/1971,3.235
5/14/1971,2.583
5/15/1971,2.291
5/16/1971,4.395
5/17/1971,4.395
5/18/1971,3.596
5/19/1971,2.434
5/20/1971,3.235
5/21/1971,2.583
5/22/1971,2.737
5/23/1971,2.737
5/24/1971,3.063
5/25/1971,3.596
5/26/1971,3.596
5/27/1971,6.582
5/28/1971,6.582
5/29/1971,5.297
5/30/1971,6.047
5/31/1971,5.540
6/1/1971,4.610
6/2/1971,51.216
6/3/1971,21.696
6/4/1971,21.696
6/5/1971,13.214
6/6/1971,10.801
6/7/1971,7.146
6/8/1971,5.540
6/9/1971,4.395
6/10/1971,3.413
6/11/1971,3.786
6/12/1971,3.063
6/13/1971,3.413
6/14/1971,3.063
6/15/1971,2.737
6/16/1971,2.583
6/17/1971,2.154
6/18/1971,2.434
6/19/1971,2.583
6/20/1971,2.434
6/21/1971,2.154
6/22/1971,1.773
6/23/1971,1.656
6/24/1971,1.773
6/25/1971,1.895
6/26/1971,1.773
6/27/1971,3.235
6/28/1971,2.022
6/29/1971,1.656
6/30/1971,3.596
7/1/1971,7.439
7/2/1971,12.790
7/3/1971,6.860
7/4/1971,4.833
7/5/1971,4.185
7/6/1971,3.596
7/7/1971,5.790
7/8/1971,11.181
7/9/1971,10.064
7/10/1971,6.047
7/11/1971,6.310
7/12/1971,3.596
7/13/1971,3.413
7/14/1971,3.235
7/15/1971,2.897
7/16/1971,2.737
7/17/1971,2.291
7/18/1971,2.022
7/19/1971,2.291
7/20/1971,1.656
7/21/1971,1.656
7/22/1971,1.239
7/23/1971,1.895
7/24/1971,5.790
7/25/1971,3.596
7/26/1971,2.737
7/27/1971,2.291
7/28/1971,2.583
7/29/1971,2.434
7/30/1971,6.047
7/31/1971,11.969
8/1/1971,8.364
8/2/1971,7.146
8/3/1971,6.860
8/4/1971,6.860
8/5/1971,7.439
8/6/1971,57.268
8/7/1971,37.891
8/8/1971,17.952
8/9/1971,10.428
8/10/1971,6.860
8/11/1971,5.297
8/12/1971,4.610
8/13/1971,3.983
8/14/1971,3.413
8/15/1971,2.897
8/16/1971,2.434
8/17/1971,2.022
8/18/1971,1.895
8/19/1971,1.895
8/20/1971,1.656
8/21/1971,1.545
8/22/1971,1.147
8/23/1971,1.239
8/24/1971,1.239
8/25/1971,1.059
8/26/1971,0.975
8/27/1971,0.975
8/28/1971,0.896
8/29/1971,0.821
8/30/1971,0.750
8/31/1971,0.683
9/1/1971,0.454
9/2/1971,0.361
9/3/1971,0.620
9/4/1971,0.620
9/5/1971,0.561
9/6/1971,0.506
9/7/1971,0.506
9/8/1971,0.620
9/9/1971,0.620
9/10/1971,0.506
9/11/1971,0.506
9/12/1971,0.406
9/13/1971,7.146
9/14/1971,1.895
9/15/1971,1.239
9/16/1971,0.896
9/17/1971,1.147
9/18/1971,1.336
9/19/1971,0.821
9/20/1971,0.620
9/21/1971,0.561
9/22/1971,0.454
9/23/1971,0.454
9/24/1971,0.406
9/25/1971,0.406
9/26/1971,0.361
9/27/1971,0.319
9/28/1971,0.319
9/29/1971,0.281
9/30/1971,0.281
10/1/1971,0.213
10/2/1971,0.133
10/3/1971,0.319
10/4/1971,0.133
10/5/1971,0.506
10/6/1971,0.319
10/7/1971,0.213
10/8/1971,0.506
10/9/1971,0.157
10/10/1971,0.133
10/11/1971,0.157
10/12/1971,0.184
10/13/1971,0.245
10/14/1971,0.821
10/15/1971,0.319
10/16/1971,0.213
10/17/1971,0.406
10/18/1971,0.213
10/19/1971,0.184
10/20/1971,0.245
10/21/1971,0.319
10/22/1971,0.213
10/23/1971,0.406
10/24/1971,0.620
10/25/1971,0.213
10/26/1971,0.245
10/27/1971,0.157
10/28/1971,0.245
10/29/1971,0.157
10/30/1971,0.111
10/31/1971,0.092
11/1/1971,0.092
11/2/1971,0.111
11/3/1971,0.184
11/4/1971,0.133
11/5/1971,0.111
11/6/1971,0.092
11/7/1971,0.092
11/8/1971,0.111
11/9/1971,0.213
11/10/1971,0.184
11/11/1971,0.133
11/12/1971,0.157
11/13/1971,0.111
11/14/1971,0.092
11/15/1971,0.092
11/16/1971,0.092
11/17/1971,0.092
11/18/1971,0.075
11/19/1971,0.075
11/20/1971,0.111
11/21/1971,0.133
11/22/1971,0.111
11/23/1971,0.133
11/24/1971,0.075
11/25/1971,0.060
11/26/1971,0.060
11/27/1971,0.047
11/28/1971,0.047
11/29/1971,0.047
11/30/1971,0.036
12/1/1971,0.047
12/2/1971,0.060
12/3/1971,0.036
12/4/1971,0.036
12/5/1971,0.036
12/6/1971,0.036
12/7/1971,0.036
12/8/1971,0.036
12/9/1971,0.036
12/10/1971,0.047
12/11/1971,0.036
12/12/1971,0.036
12/13/1971,0.036
12/14/1971,0.047
12/15/1971,0.047
12/16/1971,0.060
12/17/1971,0.047
12/18/1971,0.036
12/19/1971,0.036
12/20/1971,0.036
12/21/1971,0.020
12/22/1971,0.003
12/23/1971,0.027
12/24/1971,0.027
12/25/1971,0.036
12/26/1971,0.047
12/27/1971,0.036
12/28/1971,0.036
12/29/1971,0.036
12/30/1971,0.036
12/31/1971,0.036
1/1/1972,0.047
1/2/1972,0.036
1/3/1972,0.036
1/4/1972,0.036
1/5/1972,0.036
1/6/1972,0.036
1/7/1972,0.020
1/8/1972,0.014
1/9/1972,0.014
1/10/1972,0.020
1/11/1972,0.060
1/12/1972,0.027
1/13/1972,0.005
1/14/1972,0.009
1/15/1972,0.009
1/16/1972,0.005
1/17/1972,0.009
1/18/1972,0.027
1/19/1972,0.047
1/20/1972,0.060
1/21/1972,0.047
1/22/1972,0.047
1/23/1972,0.047
1/24/1972,0.020
1/25/1972,0.036
1/26/1972,0.027
1/27/1972,0.027
1/28/1972,0.047
1/29/1972,0.027
1/30/1972,0.020
1/31/1972,0.014
2/1/1972,0.014
2/2/1972,0.003
2/3/1972,0.005
2/4/1972,0.003
2/5/1972,0.005
2/6/1972,0.009
2/7/1972,0.005
2/8/1972,0.003
2/9/1972,0.001
2/10/1972,0.003
2/11/1972,0.003
2/12/1972,0.001
2/13/1972,0.003
2/14/1972,0.003
2/15/1972,0.005
2/16/1972,0.005
2/17/1972,0.027
2/18/1972,0.036
2/19/1972,0.036
2/20/1972,0.060
2/21/1972,0.060
2/22/1972,0.060
2/23/1972,0.047
2/24/1972,0.036
2/25/1972,0.027
2/26/1972,0.245
2/27/1972,0.060
2/28/1972,0.075
2/29/1972,0.111
3/1/1972,4.185
3/2/1972,19.557
3/3/1972,76.909
3/4/1972,35.928
3/5/1972,16.930
3/6/1972,10.064
3/7/1972,5.790
3/8/1972,5.297
3/9/1972,3.983
3/10/1972,3.235
3/11/1972,2.737
3/12/1972,2.291
3/13/1972,1.895
3/14/1972,1.545
3/15/1972,1.438
3/16/1972,1.239
3/17/1972,1.147
3/18/1972,0.620
3/19/1972,0.454
3/20/1972,101.515
3/21/1972,49.743
3/22/1972,13.214
3/23/1972,7.439
3/24/1972,5.790
3/25/1972,3.786
3/26/1972,3.235
3/27/1972,2.434
3/28/1972,2.154
3/29/1972,7.740
3/30/1972,6.310
3/31/1972,3.235
4/1/1972,5.297
4/2/1972,8.364
4/3/1972,6.310
4/4/1972,3.235
4/5/1972,2.022
4/6/1972,1.545
4/7/1972,1.545
4/8/1972,1.239
4/9/1972,0.896
4/10/1972,0.975
4/11/1972,1.147
4/12/1972,2.154
4/13/1972,1.545
4/14/1972,1.059
4/15/1972,1.059
4/16/1972,0.821
4/17/1972,0.620
4/18/1972,0.454
4/19/1972,0.406
4/20/1972,0.319
4/21/1972,0.281
4/22/1972,0.281
4/23/1972,10.064
4/24/1972,5.297
4/25/1972,3.063
4/26/1972,2.897
4/27/1972,3.413
4/28/1972,1.545
4/29/1972,11.571
4/30/1972,19.012
5/1/1972,17.436
5/2/1972,9.360
5/3/1972,5.297
5/4/1972,3.063
5/5/1972,2.154
5/6/1972,1.656
5/7/1972,11.181
5/8/1972,7.439
5/9/1972,6.047
5/10/1972,5.790
5/11/1972,3.786
5/12/1972,2.434
5/13/1972,2.291
5/14/1972,2.022
5/15/1972,1.545
5/16/1972,2.434
5/17/1972,5.062
5/18/1972,11.181
5/19/1972,6.310
5/20/1972,3.235
5/21/1972,2.583
5/22/1972,2.154
5/23/1972,26.716
5/24/1972,28.476
5/25/1972,20.635
5/26/1972,10.064
5/27/1972,6.582
5/28/1972,4.395
5/29/1972,3.413
5/30/1972,3.063
5/31/1972,2.737
6/1/1972,5.540
6/2/1972,62.771
6/3/1972,39.894
6/4/1972,14.539
6/5/1972,10.064
6/6/1972,9.020
6/7/1972,9.020
6/8/1972,7.740
6/9/1972,8.048
6/10/1972,7.146
6/11/1972,19.557
6/12/1972,30.887
6/13/1972,65.187
6/14/1972,66.816
6/15/1972,19.557
6/16/1972,11.571
6/17/1972,9.360
6/18/1972,7.146
6/19/1972,6.310
6/20/1972,5.540
6/21/1972,4.833
6/22/1972,4.185
6/23/1972,4.395
6/24/1972,4.395
6/25/1972,4.610
6/26/1972,5.297
6/27/1972,4.610
6/28/1972,4.185
6/29/1972,5.297
6/30/1972,4.610
7/1/1972,4.610
7/2/1972,4.395
7/3/1972,3.786
7/4/1972,3.235
7/5/1972,2.897
7/6/1972,4.610
7/7/1972,11.969
7/8/1972,6.860
7/9/1972,3.983
7/10/1972,3.063
7/11/1972,4.185
7/12/1972,16.433
7/13/1972,10.064
7/14/1972,9.360
7/15/1972,6.582
7/16/1972,7.146
7/17/1972,5.062
7/18/1972,3.983
7/19/1972,3.596
7/20/1972,2.897
7/21/1972,3.063
7/22/1972,2.737
7/23/1972,2.737
7/24/1972,2.291
7/25/1972,2.154
7/26/1972,2.154
7/27/1972,1.656
7/28/1972,1.545
7/29/1972,1.336
7/30/1972,1.239
7/31/1972,1.438
8/1/1972,1.059
8/2/1972,0.896
8/3/1972,0.750
8/4/1972,0.561
8/5/1972,0.406
8/6/1972,0.561
8/7/1972,0.506
8/8/1972,0.454
8/9/1972,0.361
8/10/1972,0.319
8/11/1972,0.406
8/12/1972,0.506
8/13/1972,0.406
8/14/1972,0.361
8/15/1972,0.361
8/16/1972,0.319
8/17/1972,0.092
8/18/1972,0.111
8/19/1972,0.319
8/20/1972,2.583
8/21/1972,1.895
8/22/1972,3.063
8/23/1972,1.336
8/24/1972,2.022
8/25/1972,2.897
8/26/1972,7.146
8/27/1972,20.635
8/28/1972,12.790
8/29/1972,10.064
8/30/1972,10.428
8/31/1972,7.439
9/1/1972,5.062
9/2/1972,2.583
9/3/1972,0.683
9/4/1972,1.773
9/5/1972,1.438
9/6/1972,1.239
9/7/1972,0.975
9/8/1972,29.672
9/9/1972,14.088
9/10/1972,5.297
9/11/1972,2.583
9/12/1972,1.773
9/13/1972,2.291
9/14/1972,3.786
9/15/1972,2.022
9/16/1972,1.656
9/17/1972,1.438
9/18/1972,7.146
9/19/1972,3.235
9/20/1972,1.773
9/21/1972,1.147
9/22/1972,0.896
9/23/1972,0.821
9/24/1972,0.750
9/25/1972,0.506
9/26/1972,0.683
9/27/1972,0.561
9/28/1972,0.506
9/29/1972,0.406
9/30/1972,0.361
10/1/1972,0.319
10/2/1972,0.319
10/3/1972,0.184
10/4/1972,0.111
10/5/1972,0.157
10/6/1972,0.506
10/7/1972,0.406
10/8/1972,0.319
10/9/1972,0.245
10/10/1972,0.213
10/11/1972,0.184
10/12/1972,0.133
10/13/1972,0.157
10/14/1972,0.133
10/15/1972,0.111
10/16/1972,0.111
10/17/1972,0.092
10/18/1972,0.092
10/19/1972,0.092
10/20/1972,0.092
10/21/1972,0.111
10/22/1972,0.184
10/23/1972,0.157
10/24/1972,0.133
10/25/1972,0.111
10/26/1972,0.092
10/27/1972,0.075
10/28/1972,0.060
10/29/1972,0.060
10/30/1972,0.075
10/31/1972,0.060
11/1/1972,0.060
11/2/1972,0.060
11/3/1972,0.092
11/4/1972,0.060
11/5/1972,0.060
11/6/1972,0.060
11/7/1972,0.060
11/8/1972,0.060
11/9/1972,0.036
11/10/1972,0.075
11/11/1972,0.047
11/12/1972,0.036
11/13/1972,0.036
11/14/1972,0.036
11/15/1972,0.027
11/16/1972,0.036
11/17/1972,0.047
11/18/1972,0.060
11/19/1972,0.047
11/20/1972,0.020
11/21/1972,0.036
11/22/1972,0.036
11/23/1972,0.036
11/24/1972,0.036
11/25/1972,0.036
11/26/1972,0.036
11/27/1972,0.027
11/28/1972,0.014
11/29/1972,0.020
11/30/1972,0.014
12/1/1972,0.014
12/2/1972,0.014
12/3/1972,0.020
12/4/1972,0.014
12/5/1972,0.020
12/6/1972,0.014
12/7/1972,0.014
12/8/1972,0.014
12/9/1972,0.014
12/10/1972,0.014
12/11/1972,0.014
12/12/1972,0.014
12/13/1972,0.014
12/14/1972,0.014
12/15/1972,0.009
12/16/1972,0.005
12/17/1972,0.014
12/18/1972,0.005
12/19/1972,0.009
12/20/1972,0.005
12/21/1972,0.009
12/22/1972,0.020
12/23/1972,4.610
12/24/1972,1.895
12/25/1972,1.147
12/26/1972,0.620
12/27/1972,0.406
12/28/1972,0.454
12/29/1972,0.454
12/30/1972,0.319
12/31/1972,0.157
1/1/1973,0.133
1/2/1973,0.133
1/3/1973,0.111
1/4/1973,0.111
1/5/1973,0.075
1/6/1973,0.075
1/7/1973,0.092
1/8/1973,0.075
1/9/1973,0.060
1/10/1973,0.075
1/11/1973,0.092
1/12/1973,0.047
1/13/1973,0.047
1/14/1973,0.184
1/15/1973,0.060
1/16/1973,0.047
1/17/1973,0.036
1/18/1973,0.060
1/19/1973,0.047
1/20/1973,0.036
1/21/1973,0.036
1/22/1973,0.020
1/23/1973,0.009
1/24/1973,0.020
1/25/1973,0.092
1/26/1973,0.184
1/27/1973,0.075
1/28/1973,0.060
1/29/1973,0.060
1/30/1973,0.047
1/31/1973,0.020
2/1/1973,0.014
2/2/1973,0.014
2/3/1973,0.014
2/4/1973,0.009
2/5/1973,0.014
2/6/1973,0.009
2/7/1973,0.009
2/8/1973,0.014
2/9/1973,0.027
2/10/1973,0.060
2/11/1973,0.047
2/12/1973,0.027
2/13/1973,0.014
2/14/1973,0.009
2/15/1973,0.005
2/16/1973,0.003
2/17/1973,0.003
2/18/1973,0.047
2/19/1973,0.005
2/20/1973,0.003
2/21/1973,0.005
2/22/1973,0.003
2/23/1973,0.047
2/24/1973,0.020
2/25/1973,0.213
2/26/1973,0.683
2/27/1973,0.281
2/28/1973,0.075
3/1/1973,0.047
3/2/1973,0.036
3/3/1973,0.047
3/4/1973,0.060
3/5/1973,0.036
3/6/1973,0.020
3/7/1973,0.020
3/8/1973,0.014
3/9/1973,0.014
3/10/1973,0.020
3/11/1973,0.060
3/12/1973,0.014
3/13/1973,0.003
3/14/1973,0.009
3/15/1973,3.786
3/16/1973,53.456
3/17/1973,37.891
3/18/1973,15.946
3/19/1973,10.801
3/20/1973,7.146
3/21/1973,4.833
3/22/1973,16.433
3/23/1973,6.860
3/24/1973,3.786
3/25/1973,4.395
3/26/1973,6.860
3/27/1973,5.297
3/28/1973,3.413
3/29/1973,1.895
3/30/1973,1.656
3/31/1973,5.297
4/1/1973,6.310
4/2/1973,4.395
4/3/1973,3.235
4/4/1973,2.737
4/5/1973,1.773
4/6/1973,1.656
4/7/1973,1.147
4/8/1973,0.896
4/9/1973,0.683
4/10/1973,1.147
4/11/1973,0.896
4/12/1973,1.545
4/13/1973,0.975
4/14/1973,54.210
4/15/1973,34.641
4/16/1973,25.000
4/17/1973,15.468
4/18/1973,6.310
4/19/1973,4.833
4/20/1973,4.610
4/21/1973,9.020
4/22/1973,27.298
4/23/1973,15.946
4/24/1973,11.969
4/25/1973,11.571
4/26/1973,77.774
4/27/1973,66.000
4/28/1973,134.956
4/29/1973,56.498
4/30/1973,41.251
5/1/1973,71.796
5/2/1973,66.000
5/3/1973,28.476
5/4/1973,16.930
5/5/1973,8.688
5/6/1973,6.582
5/7/1973,5.062
5/8/1973,5.062
5/9/1973,3.596
5/10/1973,5.297
5/11/1973,3.983
5/12/1973,3.786
5/13/1973,2.583
5/14/1973,2.154
5/15/1973,2.022
5/16/1973,2.154
5/17/1973,1.895
5/18/1973,1.895
5/19/1973,1.656
5/20/1973,1.438
5/21/1973,1.336
5/22/1973,2.583
5/23/1973,29.672
5/24/1973,14.539
5/25/1973,6.310
5/26/1973,8.048
5/27/1973,5.790
5/28/1973,3.983
5/29/1973,3.063
5/30/1973,2.897
5/31/1973,2.291
6/1/1973,19.557
6/2/1973,3.786
6/3/1973,7.146
6/4/1973,8.364
6/5/1973,5.790
6/6/1973,6.047
6/7/1973,4.395
6/8/1973,6.310
6/9/1973,22.235
6/10/1973,10.064
6/11/1973,7.740
6/12/1973,4.395
6/13/1973,3.413
6/14/1973,4.610
6/15/1973,38.555
6/16/1973,33.372
6/17/1973,11.571
6/18/1973,8.688
6/19/1973,5.790
6/20/1973,4.833
6/21/1973,13.647
6/22/1973,9.020
6/23/1973,5.540
6/24/1973,3.413
6/25/1973,55.731
6/26/1973,29.072
6/27/1973,14.539
6/28/1973,7.740
6/29/1973,5.540
6/30/1973,4.395
7/1/1973,3.596
7/2/1973,3.235
7/3/1973,2.737
7/4/1973,3.983
7/5/1973,14.088
7/6/1973,40.570
7/7/1973,20.112
7/8/1973,22.778
7/9/1973,13.647
7/10/1973,9.020
7/11/1973,6.582
7/12/1973,6.047
7/13/1973,4.833
7/14/1973,4.395
7/15/1973,4.610
7/16/1973,4.395
7/17/1973,4.185
7/18/1973,4.185
7/19/1973,3.786
7/20/1973,3.235
7/21/1973,21.696
7/22/1973,14.999
7/23/1973,7.146
7/24/1973,5.062
7/25/1973,3.596
7/26/1973,2.897
7/27/1973,2.434
7/28/1973,2.434
7/29/1973,2.022
7/30/1973,1.895
7/31/1973,1.656
8/1/1973,1.545
8/2/1973,3.063
8/3/1973,2.737
8/4/1973,2.154
8/5/1973,2.737
8/6/1973,3.235
8/7/1973,2.583
8/8/1973,2.291
8/9/1973,1.773
8/10/1973,1.438
8/11/1973,1.239
8/12/1973,1.147
8/13/1973,0.975
8/14/1973,0.896
8/15/1973,0.975
8/16/1973,0.821
8/17/1973,0.750
8/18/1973,0.896
8/19/1973,2.434
8/20/1973,1.773
8/21/1973,3.983
8/22/1973,2.434
8/23/1973,1.773
8/24/1973,1.438
8/25/1973,1.147
8/26/1973,0.975
8/27/1973,0.896
8/28/1973,0.821
8/29/1973,0.896
8/30/1973,0.683
8/31/1973,0.620
9/1/1973,0.406
9/2/1973,0.281
9/3/1973,0.561
9/4/1973,0.506
9/5/1973,0.454
9/6/1973,0.821
9/7/1973,0.620
9/8/1973,1.147
9/9/1973,1.656
9/10/1973,1.336
9/11/1973,1.239
9/12/1973,0.975
9/13/1973,1.147
9/14/1973,1.059
9/15/1973,2.291
9/16/1973,1.895
9/17/1973,1.438
9/18/1973,2.897
9/19/1973,2.583
9/20/1973,1.895
9/21/1973,1.438
9/22/1973,1.147
9/23/1973,0.896
9/24/1973,0.750
9/25/1973,0.683
9/26/1973,0.561
9/27/1973,0.506
9/28/1973,0.561
9/29/1973,0.406
9/30/1973,0.620
10/1/1973,0.245
10/2/1973,0.361
10/3/1973,0.361
10/4/1973,5.540
10/5/1973,4.610
10/6/1973,2.583
10/7/1973,1.773
10/8/1973,1.147
10/9/1973,0.896
10/10/1973,0.750
10/11/1973,0.561
10/12/1973,0.406
10/13/1973,0.406
10/14/1973,0.361
10/15/1973,0.361
10/16/1973,0.319
10/17/1973,0.245
10/18/1973,0.361
10/19/1973,0.184
10/20/1973,0.213
10/21/1973,0.184
10/22/1973,0.157
10/23/1973,0.184
10/24/1973,0.157
10/25/1973,0.133
10/26/1973,0.157
10/27/1973,0.133
10/28/1973,0.111
10/29/1973,0.092
10/30/1973,0.092
10/31/1973,0.111
11/1/1973,0.213
11/2/1973,0.281
11/3/1973,0.184
11/4/1973,0.133
11/5/1973,0.111
11/6/1973,0.111
11/7/1973,0.111
11/8/1973,0.092
11/9/1973,0.092
11/10/1973,0.092
11/11/1973,0.075
11/12/1973,0.060
11/13/1973,0.060
11/14/1973,0.075
11/15/1973,0.060
11/16/1973,0.060
11/17/1973,0.060
11/18/1973,0.060
11/19/1973,0.060
11/20/1973,0.060
11/21/1973,0.060
11/22/1973,0.060
11/23/1973,0.060
11/24/1973,0.092
11/25/1973,0.092
11/26/1973,0.092
11/27/1973,0.111
11/28/1973,0.092
11/29/1973,0.092
11/30/1973,0.111
12/1/1973,0.092
12/2/1973,0.111
12/3/1973,0.133
12/4/1973,0.111
12/5/1973,0.184
12/6/1973,0.184
12/7/1973,0.157
12/8/1973,0.133
12/9/1973,0.133
12/10/1973,0.111
12/11/1973,0.075
12/12/1973,0.245
12/13/1973,0.361
12/14/1973,0.213
12/15/1973,0.184
12/16/1973,0.157
12/17/1973,0.133
12/18/1973,0.111
12/19/1973,0.281
12/20/1973,1.239
12/21/1973,0.361
12/22/1973,0.361
12/23/1973,0.406
12/24/1973,0.213
12/25/1973,0.184
12/26/1973,0.157
12/27/1973,0.111
12/28/1973,0.157
12/29/1973,0.133
12/30/1973,0.157
12/31/1973,0.133
1/1/1974,0.111
1/2/1974,0.133
1/3/1974,0.092
1/4/1974,0.075
1/5/1974,0.157
1/6/1974,0.092
1/7/1974,0.075
1/8/1974,0.075
1/9/1974,0.075
1/10/1974,0.092
1/11/1974,0.060
1/12/1974,0.060
1/13/1974,0.060
1/14/1974,0.060
1/15/1974,0.060
1/16/1974,0.047
1/17/1974,0.036
1/18/1974,0.060
1/19/1974,0.111
1/20/1974,0.821
1/21/1974,0.319
1/22/1974,0.506
1/23/1974,0.454
1/24/1974,0.319
1/25/1974,0.245
1/26/1974,0.157
1/27/1974,0.111
1/28/1974,0.092
1/29/1974,0.075
1/30/1974,2.022
1/31/1974,2.897
2/1/1974,1.773
2/2/1974,2.022
2/3/1974,6.582
2/4/1974,3.983
2/5/1974,3.413
2/6/1974,5.540
2/7/1974,43.317
2/8/1974,16.930
2/9/1974,7.740
2/10/1974,4.185
2/11/1974,3.063
2/12/1974,2.897
2/13/1974,1.895
2/14/1974,2.434
2/15/1974,3.786
2/16/1974,2.434
2/17/1974,1.438
2/18/1974,1.059
2/19/1974,0.750
2/20/1974,0.620
2/21/1974,0.454
2/22/1974,0.319
2/23/1974,0.361
2/24/1974,0.406
2/25/1974,0.506
2/26/1974,3.235
2/27/1974,1.656
2/28/1974,14.999
3/1/1974,9.708
3/2/1974,10.064
3/3/1974,25.567
3/4/1974,14.999
3/5/1974,8.688
3/6/1974,6.310
3/7/1974,4.610
3/8/1974,4.610
3/9/1974,25.567
3/10/1974,19.012
3/11/1974,29.072
3/12/1974,19.012
3/13/1974,10.801
3/14/1974,6.860
3/15/1974,6.310
3/16/1974,5.062
3/17/1974,4.395
3/18/1974,7.146
3/19/1974,18.477
3/20/1974,11.571
3/21/1974,10.064
3/22/1974,9.360
3/23/1974,9.020
3/24/1974,10.428
3/25/1974,42.624
3/26/1974,29.072
3/27/1974,16.930
3/28/1974,84.824
3/29/1974,98.656
3/30/1974,41.935
3/31/1974,22.778
4/1/1974,14.088
4/2/1974,11.571
4/3/1974,9.708
4/4/1974,14.539
4/5/1974,63.572
4/6/1974,66.000
4/7/1974,54.210
4/8/1974,30.887
4/9/1974,54.969
4/10/1974,35.282
4/11/1974,24.437
4/12/1974,76.909
4/13/1974,66.816
4/14/1974,41.935
4/15/1974,25.567
4/16/1974,22.235
4/17/1974,19.557
4/18/1974,513.179
4/19/1974,401.688
4/20/1974,271.108
4/21/1974,414.732
4/22/1974,147.988
4/23/1974,121.356
4/24/1974,249.083
4/25/1974,291.523
4/26/1974,156.924
4/27/1974,102.476
4/28/1974,70.956
4/29/1974,64.377
4/30/1974,47.564
5/1/1974,39.222
5/2/1974,31.502
5/3/1974,29.672
5/4/1974,24.437
5/5/1974,20.112
5/6/1974,15.468
5/7/1974,13.214
5/8/1974,14.539
5/9/1974,14.539
5/10/1974,14.999
5/11/1974,41.251
5/12/1974,54.210
5/13/1974,43.317
5/14/1974,25.567
5/15/1974,17.436
5/16/1974,14.539
5/17/1974,12.790
5/18/1974,9.708
5/19/1974,9.708
5/20/1974,11.571
5/21/1974,23.879
5/22/1974,73.485
5/23/1974,34.004
5/24/1974,26.716
5/25/1974,20.112
5/26/1974,14.999
5/27/1974,12.375
5/28/1974,9.708
5/29/1974,6.310
5/30/1974,7.439
5/31/1974,6.860
6/1/1974,7.740
6/2/1974,6.582
6/3/1974,7.146
6/4/1974,6.582
6/5/1974,6.047
6/6/1974,5.540
6/7/1974,4.833
6/8/1974,10.064
6/9/1974,8.364
6/10/1974,7.146
6/11/1974,6.047
6/12/1974,5.062
6/13/1974,4.833
6/14/1974,4.833
6/15/1974,3.786
6/16/1974,3.235
6/17/1974,3.413
6/18/1974,3.596
6/19/1974,7.439
6/20/1974,63.572
6/21/1974,52.705
6/22/1974,131.769
6/23/1974,64.377
6/24/1974,34.641
6/25/1974,21.696
6/26/1974,15.946
6/27/1974,10.428
6/28/1974,9.360
6/29/1974,7.740
6/30/1974,7.146
7/1/1974,6.582
7/2/1974,6.047
7/3/1974,5.540
7/4/1974,5.062
7/5/1974,4.395
7/6/1974,21.696
7/7/1974,95.827
7/8/1974,133.891
7/9/1974,125.482
7/10/1974,66.000
7/11/1974,54.210
7/12/1974,33.372
7/13/1974,23.326
7/14/1974,21.696
7/15/1974,58.821
7/16/1974,136.025
7/17/1974,72.639
7/18/1974,42.624
7/19/1974,31.502
7/20/1974,30.278
7/21/1974,23.879
7/22/1974,21.163
7/23/1974,24.437
7/24/1974,21.696
7/25/1974,16.433
7/26/1974,13.214
7/27/1974,11.571
7/28/1974,10.428
7/29/1974,9.020
7/30/1974,7.740
7/31/1974,6.860
8/1/1974,9.708
8/2/1974,8.364
8/3/1974,8.048
8/4/1974,8.364
8/5/1974,7.439
8/6/1974,6.860
8/7/1974,6.860
8/8/1974,6.310
8/9/1974,5.540
8/10/1974,4.833
8/11/1974,4.395
8/12/1974,3.983
8/13/1974,3.413
8/14/1974,3.063
8/15/1974,2.897
8/16/1974,2.737
8/17/1974,2.434
8/18/1974,2.022
8/19/1974,2.154
8/20/1974,2.022
8/21/1974,2.154
8/22/1974,1.895
8/23/1974,1.773
8/24/1974,1.773
8/25/1974,1.895
8/26/1974,2.291
8/27/1974,1.773
8/28/1974,1.656
8/29/1974,1.656
8/30/1974,1.773
8/31/1974,1.336
9/1/1974,2.022
9/2/1974,2.897
9/3/1974,3.413
9/4/1974,2.737
9/5/1974,2.434
9/6/1974,1.773
9/7/1974,1.656
9/8/1974,1.438
9/9/1974,1.438
9/10/1974,1.147
9/11/1974,1.773
9/12/1974,2.022
9/13/1974,1.656
9/14/1974,1.239
9/15/1974,0.975
9/16/1974,1.656
9/17/1974,8.688
9/18/1974,4.185
9/19/1974,3.983
9/20/1974,4.185
9/21/1974,3.235
9/22/1974,2.583
9/23/1974,2.154
9/24/1974,1.895
9/25/1974,1.438
9/26/1974,9.708
9/27/1974,2.897
9/28/1974,1.773
9/29/1974,1.545
9/30/1974,1.545
10/1/1974,1.147
10/2/1974,0.896
10/3/1974,0.750
10/4/1974,0.750
10/5/1974,0.683
10/6/1974,0.750
10/7/1974,0.620
10/8/1974,0.506
10/9/1974,0.406
10/10/1974,0.506
10/11/1974,0.454
10/12/1974,0.406
10/13/1974,0.245
10/14/1974,0.184
10/15/1974,0.157
10/16/1974,0.213
10/17/1974,0.184
10/18/1974,0.213
10/19/1974,0.184
10/20/1974,0.157
10/21/1974,0.184
10/22/1974,0.157
10/23/1974,0.133
10/24/1974,0.157
10/25/1974,0.133
10/26/1974,0.111
10/27/1974,0.157
10/28/1974,0.092
10/29/1974,0.060
10/30/1974,0.075
10/31/1974,0.075
11/1/1974,0.060
11/2/1974,0.075
11/3/1974,0.454
11/4/1974,0.561
11/5/1974,0.454
11/6/1974,0.133
11/7/1974,0.111
11/8/1974,0.133
11/9/1974,0.075
11/10/1974,0.060
11/11/1974,0.111
11/12/1974,0.184
11/13/1974,0.133
11/14/1974,0.111
11/15/1974,0.092
11/16/1974,0.111
11/17/1974,0.092
11/18/1974,0.060
11/19/1974,0.245
11/20/1974,0.750
11/21/1974,0.683
11/22/1974,0.506
11/23/1974,0.361
11/24/1974,0.245
11/25/1974,0.157
11/26/1974,0.092
11/27/1974,0.157
11/28/1974,0.157
11/29/1974,0.157
11/30/1974,0.133
12/1/1974,0.111
12/2/1974,1.656
12/3/1974,0.896
12/4/1974,0.620
12/5/1974,0.750
12/6/1974,2.291
12/7/1974,0.975
12/8/1974,0.750
12/9/1974,0.133
12/10/1974,0.111
12/11/1974,0.245
12/12/1974,0.319
12/13/1974,0.213
12/14/1974,0.245
12/15/1974,0.213
12/16/1974,0.184
12/17/1974,0.184
12/18/1974,0.184
12/19/1974,0.133
12/20/1974,0.157
12/21/1974,0.092
12/22/1974,0.133
12/23/1974,0.111
12/24/1974,0.075
12/25/1974,0.075
12/26/1974,0.075
12/27/1974,0.036
12/28/1974,0.060
12/29/1974,0.060
12/30/1974,0.036
12/31/1974,0.075
1/1/1975,0.075
1/2/1975,0.092
1/3/1975,0.075
1/4/1975,0.047
1/5/1975,0.075
1/6/1975,0.075
1/7/1975,0.036
1/8/1975,0.092
1/9/1975,0.157
1/10/1975,0.092
1/11/1975,0.075
1/12/1975,0.036
1/13/1975,0.036
1/14/1975,0.020
1/15/1975,0.036
1/16/1975,0.014
1/17/1975,0.036
1/18/1975,0.020
1/19/1975,0.014
1/20/1975,0.036
1/21/1975,0.406
1/22/1975,1.656
1/23/1975,0.750
1/24/1975,0.319
1/25/1975,0.245
1/26/1975,0.245
1/27/1975,0.184
1/28/1975,0.111
1/29/1975,0.133
1/30/1975,0.111
1/31/1975,0.075
2/1/1975,0.075
2/2/1975,0.092
2/3/1975,0.075
2/4/1975,0.060
2/5/1975,0.075
2/6/1975,0.075
2/7/1975,0.020
2/8/1975,0.060
2/9/1975,0.075
2/10/1975,0.092
2/11/1975,0.060
2/12/1975,0.020
2/13/1975,0.027
2/14/1975,0.027
2/15/1975,1.059
2/16/1975,0.361
2/17/1975,0.245
2/18/1975,0.157
2/19/1975,0.133
2/20/1975,0.111
2/21/1975,0.111
2/22/1975,0.111
2/23/1975,0.092
2/24/1975,0.060
2/25/1975,0.060
2/26/1975,0.060
2/27/1975,0.047
2/28/1975,0.020
3/1/1975,0.060
3/2/1975,0.060
3/3/1975,0.092
3/4/1975,0.184
3/5/1975,0.184
3/6/1975,0.133
3/7/1975,0.184
3/8/1975,0.281
3/9/1975,11.571
3/10/1975,6.860
3/11/1975,3.413
3/12/1975,1.895
3/13/1975,1.059
3/14/1975,0.620
3/15/1975,0.506
3/16/1975,0.319
3/17/1975,0.361
3/18/1975,0.213
3/19/1975,0.184
3/20/1975,0.133
3/21/1975,0.184
3/22/1975,0.245
3/23/1975,0.184
3/24/1975,0.111
3/25/1975,0.092
3/26/1975,0.060
3/27/1975,1.656
3/28/1975,11.181
3/29/1975,4.610
3/30/1975,2.291
3/31/1975,1.545
4/1/1975,5.297
4/2/1975,2.737
4/3/1975,1.895
4/4/1975,1.239
4/5/1975,3.786
4/6/1975,1.895
4/7/1975,0.975
4/8/1975,1.773
4/9/1975,1.059
4/10/1975,0.750
4/11/1975,0.506
4/12/1975,0.406
4/13/1975,0.281
4/14/1975,0.213
4/15/1975,0.157
4/16/1975,0.133
4/17/1975,0.075
4/18/1975,0.047
4/19/1975,0.060
4/20/1975,0.060
4/21/1975,0.060
4/22/1975,0.060
4/23/1975,0.075
4/24/1975,0.896
4/25/1975,14.088
4/26/1975,12.375
4/27/1975,5.062
4/28/1975,7.740
4/29/1975,13.647
4/30/1975,20.635
5/1/1975,4.610
5/2/1975,10.801
5/3/1975,4.833
5/4/1975,3.983
5/5/1975,4.185
5/6/1975,3.063
5/7/1975,2.154
5/8/1975,2.291
5/9/1975,2.154
5/10/1975,2.583
5/11/1975,2.154
5/12/1975,1.656
5/13/1975,1.656
5/14/1975,1.336
5/15/1975,1.147
5/16/1975,1.059
5/17/1975,1.438
5/18/1975,9.360
5/19/1975,10.064
5/20/1975,3.063
5/21/1975,2.022
5/22/1975,1.545
5/23/1975,4.185
5/24/1975,2.897
5/25/1975,2.022
5/26/1975,1.656
5/27/1975,1.147
5/28/1975,1.895
5/29/1975,1.438
5/30/1975,1.059
5/31/1975,0.975
6/1/1975,23.879
6/2/1975,29.672
6/3/1975,17.436
6/4/1975,11.571
6/5/1975,6.860
6/6/1975,7.439
6/7/1975,7.146
6/8/1975,5.790
6/9/1975,4.610
6/10/1975,3.786
6/11/1975,2.737
6/12/1975,2.434
6/13/1975,2.434
6/14/1975,2.154
6/15/1975,1.656
6/16/1975,1.773
6/17/1975,2.737
6/18/1975,3.786
6/19/1975,2.291
6/20/1975,15.946
6/21/1975,19.557
6/22/1975,9.020
6/23/1975,8.688
6/24/1975,10.801
6/25/1975,7.439
6/26/1975,5.790
6/27/1975,4.610
6/28/1975,3.983
6/29/1975,3.596
6/30/1975,3.235
7/1/1975,2.737
7/2/1975,3.786
7/3/1975,39.222
7/4/1975,35.928
7/5/1975,51.959
7/6/1975,93.029
7/7/1975,26.716
7/8/1975,14.539
7/9/1975,20.112
7/10/1975,25.000
7/11/1975,71.796
7/12/1975,32.121
7/13/1975,6.047
7/14/1975,6.310
7/15/1975,2.154
7/16/1975,3.596
7/17/1975,805.513
7/18/1975,681.428
7/19/1975,249.083
7/20/1975,160.327
7/21/1975,85.722
7/22/1975,60.389
7/23/1975,44.716
7/24/1975,35.282
7/25/1975,29.072
7/26/1975,23.879
7/27/1975,20.112
7/28/1975,17.952
7/29/1975,17.436
7/30/1975,17.952
7/31/1975,17.436
8/1/1975,14.999
8/2/1975,13.214
8/3/1975,11.571
8/4/1975,10.428
8/5/1975,9.360
8/6/1975,8.688
8/7/1975,7.439
8/8/1975,6.582
8/9/1975,6.310
8/10/1975,6.310
8/11/1975,6.047
8/12/1975,5.790
8/13/1975,5.297
8/14/1975,4.833
8/15/1975,4.395
8/16/1975,4.395
8/17/1975,5.540
8/18/1975,6.310
8/19/1975,6.047
8/20/1975,5.540
8/21/1975,5.062
8/22/1975,4.610
8/23/1975,4.185
8/24/1975,3.786
8/25/1975,3.786
8/26/1975,4.395
8/27/1975,4.610
8/28/1975,4.395
8/29/1975,3.983
8/30/1975,3.413
8/31/1975,2.897
9/1/1975,2.737
9/2/1975,2.583
9/3/1975,2.291
9/4/1975,2.154
9/5/1975,2.154
9/6/1975,1.895
9/7/1975,1.773
9/8/1975,1.773
9/9/1975,2.291
9/10/1975,3.063
9/11/1975,3.596
9/12/1975,3.413
9/13/1975,3.063
9/14/1975,3.063
9/15/1975,3.063
9/16/1975,2.583
9/17/1975,3.063
9/18/1975,2.434
9/19/1975,2.291
9/20/1975,2.154
9/21/1975,2.022
9/22/1975,1.895
9/23/1975,1.656
9/24/1975,1.545
9/25/1975,2.434
9/26/1975,3.596
9/27/1975,3.063
9/28/1975,2.583
9/29/1975,2.291
9/30/1975,2.154
10/1/1975,2.022
10/2/1975,1.895
10/3/1975,1.336
10/4/1975,1.147
10/5/1975,1.147
10/6/1975,1.239
10/7/1975,1.059
10/8/1975,0.821
10/9/1975,0.683
10/10/1975,0.620
10/11/1975,0.620
10/12/1975,0.561
10/13/1975,0.506
10/14/1975,0.406
10/15/1975,0.406
10/16/1975,0.406
10/17/1975,0.406
10/18/1975,0.454
10/19/1975,0.454
10/20/1975,0.454
10/21/1975,0.454
10/22/1975,0.454
10/23/1975,0.454
10/24/1975,0.454
10/25/1975,0.406
10/26/1975,0.454
10/27/1975,0.454
10/28/1975,0.454
10/29/1975,0.454
10/30/1975,0.454
10/31/1975,0.406
11/1/1975,0.361
11/2/1975,0.406
11/3/1975,0.406
11/4/1975,0.406
11/5/1975,0.406
11/6/1975,0.361
11/7/1975,0.361
11/8/1975,0.361
11/9/1975,0.319
11/10/1975,0.319
11/11/1975,0.319
11/12/1975,0.361
11/13/1975,0.319
11/14/1975,0.281
11/15/1975,0.406
11/16/1975,0.406
11/17/1975,0.406
11/18/1975,0.454
11/19/1975,0.361
11/20/1975,0.319
11/21/1975,0.319
11/22/1975,0.319
11/23/1975,0.319
11/24/1975,0.361
11/25/1975,0.454
11/26/1975,0.506
11/27/1975,0.506
11/28/1975,0.454
11/29/1975,0.406
11/30/1975,0.361
12/1/1975,0.821
12/2/1975,1.438
12/3/1975,1.545
12/4/1975,1.545
12/5/1975,1.336
12/6/1975,1.545
12/7/1975,1.059
12/8/1975,0.750
12/9/1975,0.683
12/10/1975,0.683
12/11/1975,0.750
12/12/1975,0.683
12/13/1975,0.561
12/14/1975,0.506
12/15/1975,0.454
12/16/1975,0.361
12/17/1975,0.319
12/18/1975,0.281
12/19/1975,0.281
12/20/1975,0.245
12/21/1975,0.213
12/22/1975,0.213
12/23/1975,0.245
12/24/1975,0.213
12/25/1975,0.213
12/26/1975,0.184
12/27/1975,0.245
12/28/1975,0.406
12/29/1975,0.620
12/30/1975,0.561
12/31/1975,0.620
1/1/1976,0.506
1/2/1976,0.506
1/3/1976,0.406
1/4/1976,0.361
1/5/1976,0.406
1/6/1976,0.361
1/7/1976,0.319
1/8/1976,0.281
1/9/1976,0.213
1/10/1976,0.245
1/11/1976,0.213
1/12/1976,0.184
1/13/1976,0.157
1/14/1976,0.133
1/15/1976,0.157
1/16/1976,0.133
1/17/1976,0.111
1/18/1976,0.092
1/19/1976,0.133
1/20/1976,0.092
1/21/1976,0.133
1/22/1976,0.319
1/23/1976,0.184
1/24/1976,0.157
1/25/1976,0.157
1/26/1976,0.111
1/27/1976,0.092
1/28/1976,0.092
1/29/1976,0.092
1/30/1976,0.092
1/31/1976,0.092
2/1/1976,0.111
2/2/1976,4.833
2/3/1976,1.336
2/4/1976,0.750
2/5/1976,0.406
2/6/1976,0.361
2/7/1976,0.319
2/8/1976,0.281
2/9/1976,0.281
2/10/1976,0.245
2/11/1976,0.213
2/12/1976,0.213
2/13/1976,2.897
2/14/1976,0.245
2/15/1976,14.999
2/16/1976,12.375
2/17/1976,9.020
2/18/1976,6.310
2/19/1976,4.395
2/20/1976,3.596
2/21/1976,2.737
2/22/1976,3.983
2/23/1976,3.063
2/24/1976,2.291
2/25/1976,1.545
2/26/1976,1.239
2/27/1976,1.147
2/28/1976,2.737
2/29/1976,4.395
3/1/1976,3.413
3/2/1976,2.291
3/3/1976,2.022
3/4/1976,1.773
3/5/1976,1.545
3/6/1976,1.336
3/7/1976,1.239
3/8/1976,15.946
3/9/1976,11.969
3/10/1976,2.897
3/11/1976,2.291
3/12/1976,3.413
3/13/1976,2.434
3/14/1976,1.336
3/15/1976,1.773
3/16/1976,1.773
3/17/1976,1.545
3/18/1976,1.239
3/19/1976,0.975
3/20/1976,0.821
3/21/1976,0.683
3/22/1976,1.656
3/23/1976,3.786
3/24/1976,1.336
3/25/1976,0.896
3/26/1976,0.750
3/27/1976,0.620
3/28/1976,2.583
3/29/1976,10.428
3/30/1976,7.439
3/31/1976,27.298
4/1/1976,20.635
4/2/1976,10.801
4/3/1976,9.360
4/4/1976,8.688
4/5/1976,7.146
4/6/1976,5.540
4/7/1976,5.062
4/8/1976,4.185
4/9/1976,3.786
4/10/1976,3.596
4/11/1976,3.413
4/12/1976,3.983
4/13/1976,4.395
4/14/1976,3.596
4/15/1976,3.235
4/16/1976,2.737
4/17/1976,2.022
4/18/1976,1.656
4/19/1976,2.737
4/20/1976,3.063
4/21/1976,5.297
4/22/1976,2.291
4/23/1976,2.154
4/24/1976,3.235
4/25/1976,3.413
4/26/1976,2.434
4/27/1976,2.583
4/28/1976,2.291
4/29/1976,2.583
4/30/1976,2.291
5/1/1976,2.022
5/2/1976,1.895
5/3/1976,1.545
5/4/1976,1.438
5/5/1976,1.147
5/6/1976,0.975
5/7/1976,1.059
5/8/1976,1.239
5/9/1976,1.147
5/10/1976,0.821
5/11/1976,0.750
5/12/1976,0.683
5/13/1976,0.683
5/14/1976,0.683
5/15/1976,0.750
5/16/1976,0.821
5/17/1976,0.750
5/18/1976,0.975
5/19/1976,1.059
5/20/1976,0.750
5/21/1976,0.896
5/22/1976,1.656
5/23/1976,7.740
5/24/1976,11.969
5/25/1976,7.740
5/26/1976,3.596
5/27/1976,5.540
5/28/1976,10.064
5/29/1976,7.439
5/30/1976,5.297
5/31/1976,4.610
6/1/1976,4.395
6/2/1976,3.786
6/3/1976,2.583
6/4/1976,2.154
6/5/1976,1.773
6/6/1976,1.773
6/7/1976,5.062
6/8/1976,5.790
6/9/1976,12.375
6/10/1976,6.047
6/11/1976,3.786
6/12/1976,3.413
6/13/1976,2.897
6/14/1976,2.897
6/15/1976,2.434
6/16/1976,2.022
6/17/1976,1.773
6/18/1976,1.895
6/19/1976,1.773
6/20/1976,1.336
6/21/1976,1.895
6/22/1976,2.583
6/23/1976,2.583
6/24/1976,1.773
6/25/1976,1.773
6/26/1976,2.154
6/27/1976,2.022
6/28/1976,2.291
6/29/1976,2.022
6/30/1976,1.773
7/1/1976,1.545
7/2/1976,1.656
7/3/1976,1.336
7/4/1976,1.239
7/5/1976,1.336
7/6/1976,1.336
7/7/1976,1.239
7/8/1976,1.147
7/9/1976,0.975
7/10/1976,1.147
7/11/1976,1.059
7/12/1976,0.975
7/13/1976,1.059
7/14/1976,1.147
7/15/1976,1.059
7/16/1976,0.975
7/17/1976,0.896
7/18/1976,1.147
7/19/1976,1.239
7/20/1976,1.773
7/21/1976,3.235
7/22/1976,2.897
7/23/1976,3.413
7/24/1976,3.983
7/25/1976,5.062
7/26/1976,3.413
7/27/1976,2.897
7/28/1976,3.786
7/29/1976,4.610
7/30/1976,6.047
7/31/1976,4.833
8/1/1976,3.786
8/2/1976,2.291
8/3/1976,2.022
8/4/1976,1.656
8/5/1976,1.438
8/6/1976,1.336
8/7/1976,1.239
8/8/1976,1.147
8/9/1976,1.059
8/10/1976,0.975
8/11/1976,0.975
8/12/1976,1.656
8/13/1976,1.438
8/14/1976,1.239
8/15/1976,1.059
8/16/1976,0.975
8/17/1976,0.975
8/18/1976,0.975
8/19/1976,0.975
8/20/1976,1.059
8/21/1976,1.059
8/22/1976,1.059
8/23/1976,1.059
8/24/1976,1.059
8/25/1976,1.059
8/26/1976,1.059
8/27/1976,1.059
8/28/1976,1.059
8/29/1976,1.059
8/30/1976,1.059
8/31/1976,1.059
9/1/1976,1.059
9/2/1976,1.059
9/3/1976,1.059
9/4/1976,1.059
9/5/1976,1.059
9/6/1976,1.059
9/7/1976,1.059
9/8/1976,1.059
9/9/1976,1.059
9/10/1976,1.059
9/11/1976,1.059
9/12/1976,1.059
9/13/1976,1.059
9/14/1976,1.059
9/15/1976,1.059
9/16/1976,1.059
9/17/1976,1.059
9/18/1976,1.059
9/19/1976,1.059
9/20/1976,1.059
9/21/1976,1.059
9/22/1976,1.059
9/23/1976,1.059
9/24/1976,1.059
9/25/1976,1.059
9/26/1976,1.059
9/27/1976,1.059
9/28/1976,1.059
9/29/1976,1.059
9/30/1976,1.059
10/1/1976,1.059
10/2/1976,1.059
10/3/1976,1.059
10/4/1976,1.059
10/5/1976,1.059
10/6/1976,24.437
10/7/1976,23.879
10/8/1976,8.688
10/9/1976,5.297
10/10/1976,3.786
10/11/1976,2.897
10/12/1976,2.291
10/13/1976,1.895
10/14/1976,2.291
10/15/1976,2.154
10/16/1976,2.022
10/17/1976,1.545
10/18/1976,1.147
10/19/1976,1.059
10/20/1976,1.147
10/21/1976,1.059
10/22/1976,1.059
10/23/1976,1.059
10/24/1976,1.059
10/25/1976,1.059
10/26/1976,1.059
10/27/1976,1.059
10/28/1976,1.059
10/29/1976,1.059
10/30/1976,1.059
10/31/1976,1.059
11/1/1976,1.059
11/2/1976,1.059
11/3/1976,1.059
11/4/1976,1.059
11/5/1976,1.059
11/6/1976,1.059
11/7/1976,1.059
11/8/1976,1.059
11/9/1976,1.059
11/10/1976,1.059
11/11/1976,1.059
11/12/1976,1.059
11/13/1976,1.059
11/14/1976,1.059
11/15/1976,1.059
11/16/1976,1.059
11/17/1976,1.059
11/18/1976,1.059
11/19/1976,1.059
11/20/1976,1.059
11/21/1976,1.059
11/22/1976,1.059
11/23/1976,1.059
11/24/1976,1.059
11/25/1976,1.059
11/26/1976,1.059
11/27/1976,1.059
11/28/1976,1.059
11/29/1976,1.059
11/30/1976,1.059
12/1/1976,1.059
12/2/1976,1.059
12/3/1976,1.059
12/4/1976,1.059
12/5/1976,1.059
12/6/1976,1.059
12/7/1976,1.059
12/8/1976,1.059
12/9/1976,1.059
12/10/1976,1.059
12/11/1976,1.059
12/12/1976,1.059
12/13/1976,1.059
12/14/1976,1.059
12/15/1976,1.059
12/16/1976,1.059
12/17/1976,1.059
12/18/1976,1.059
12/19/1976,1.059
12/20/1976,1.059
12/21/1976,1.059
12/22/1976,1.059
12/23/1976,1.059
12/24/1976,1.059
12/25/1976,1.059
12/26/1976,1.059
12/27/1976,1.059
12/28/1976,1.059
12/29/1976,1.059
12/30/1976,1.059
12/31/1976,1.059
1/1/1977,1.059
1/2/1977,1.059
1/3/1977,1.059
1/4/1977,1.059
1/5/1977,1.059
1/6/1977,1.059
1/7/1977,1.059
1/8/1977,1.059
1/9/1977,1.059
1/10/1977,0.406
1/11/1977,0.406
1/12/1977,0.406
1/13/1977,0.406
1/14/1977,0.406
1/15/1977,0.406
1/16/1977,0.406
1/17/1977,0.406
1/18/1977,0.406
1/19/1977,0.406
1/20/1977,0.406
1/21/1977,0.406
1/22/1977,0.406
1/23/1977,0.406
1/24/1977,1.895
1/25/1977,3.983
1/26/1977,2.897
1/27/1977,2.291
1/28/1977,2.022
1/29/1977,0.821
1/30/1977,0.506
1/31/1977,0.406
2/1/1977,1.239
2/2/1977,1.059
2/3/1977,0.975
2/4/1977,0.896
2/5/1977,0.896
2/6/1977,0.896
2/7/1977,0.896
2/8/1977,1.239
2/9/1977,2.291
2/10/1977,1.545
2/11/1977,1.438
2/12/1977,1.438
2/13/1977,1.438
2/14/1977,1.438
2/15/1977,1.438
2/16/1977,1.438
2/17/1977,1.438
2/18/1977,1.438
2/19/1977,1.438
2/20/1977,1.438
2/21/1977,1.438
2/22/1977,1.438
2/23/1977,1.438
2/24/1977,1.438
2/25/1977,1.438
2/26/1977,1.438
2/27/1977,1.438
2/28/1977,1.438
3/1/1977,1.438
3/2/1977,1.438
3/3/1977,1.438
3/4/1977,1.438
3/5/1977,1.438
3/6/1977,1.438
3/7/1977,1.438
3/8/1977,1.438
3/9/1977,1.438
3/10/1977,1.438
3/11/1977,1.438
3/12/1977,1.438
3/13/1977,1.438
3/14/1977,1.438
3/15/1977,1.438
3/16/1977,1.438
3/17/1977,1.438
3/18/1977,1.438
3/19/1977,1.438
3/20/1977,1.438
3/21/1977,1.438
3/22/1977,1.438
3/23/1977,1.438
3/24/1977,1.438
3/25/1977,1.438
3/26/1977,1.438
3/27/1977,1.438
3/28/1977,1.438
3/29/1977,1.438
3/30/1977,1.438
3/31/1977,2.022
4/1/1977,80.391
4/2/1977,66.000
4/3/1977,41.251
4/4/1977,20.635
4/5/1977,26.139
4/6/1977,13.214
4/7/1977,8.364
4/8/1977,102.476
4/9/1977,37.233
4/10/1977,21.696
4/11/1977,21.163
4/12/1977,14.539
4/13/1977,10.801
4/14/1977,8.688
4/15/1977,6.047
4/16/1977,5.297
4/17/1977,4.395
4/18/1977,3.786
4/19/1977,3.063
4/20/1977,2.291
4/21/1977,2.022
4/22/1977,1.895
4/23/1977,1.773
4/24/1977,1.773
4/25/1977,1.895
4/26/1977,2.291
4/27/1977,1.773
4/28/1977,14.088
4/29/1977,77.774
4/30/1977,122.383
5/1/1977,962.305
5/2/1977,518.877
5/3/1977,197.063
5/4/1977,113.260
5/5/1977,68.461
5/6/1977,46.132
5/7/1977,34.004
5/8/1977,28.476
5/9/1977,39.222
5/10/1977,36.578
5/11/1977,53.456
5/12/1977,39.222
5/13/1977,36.578
5/14/1977,27.885
5/15/1977,20.112
5/16/1977,22.778
5/17/1977,19.012
5/18/1977,13.214
5/19/1977,10.801
5/20/1977,8.688
5/21/1977,7.439
5/22/1977,7.146
5/23/1977,6.582
5/24/1977,6.310
5/25/1977,5.540
5/26/1977,5.062
5/27/1977,4.833
5/28/1977,4.833
5/29/1977,4.833
5/30/1977,5.790
5/31/1977,6.582
6/1/1977,14.999
6/2/1977,21.696
6/3/1977,29.072
6/4/1977,14.999
6/5/1977,16.433
6/6/1977,14.539
6/7/1977,23.326
6/8/1977,36.578
6/9/1977,19.012
6/10/1977,30.887
6/11/1977,30.278
6/12/1977,20.112
6/13/1977,12.790
6/14/1977,10.428
6/15/1977,8.048
6/16/1977,6.860
6/17/1977,11.571
6/18/1977,45.422
6/19/1977,35.928
6/20/1977,60.389
6/21/1977,36.578
6/22/1977,23.879
6/23/1977,21.163
6/24/1977,223.590
6/25/1977,76.047
6/26/1977,39.222
6/27/1977,36.578
6/28/1977,62.771
6/29/1977,66.000
6/30/1977,85.722
7/1/1977,113.260
7/2/1977,77.774
7/3/1977,41.935
7/4/1977,120.332
7/5/1977,175.384
7/6/1977,80.391
7/7/1977,63.572
7/8/1977,78.642
7/9/1977,77.774
7/10/1977,63.572
7/11/1977,88.435
7/12/1977,60.389
7/13/1977,40.570
7/14/1977,31.502
7/15/1977,58.043
7/16/1977,81.270
7/17/1977,53.456
7/18/1977,53.456
7/19/1977,39.222
7/20/1977,29.672
7/21/1977,23.879
7/22/1977,20.112
7/23/1977,15.946
7/24/1977,60.389
7/25/1977,223.590
7/26/1977,99.605
7/27/1977,63.572
7/28/1977,51.216
7/29/1977,37.233
7/30/1977,54.969
7/31/1977,58.821
8/1/1977,39.222
8/2/1977,31.502
8/3/1977,25.000
8/4/1977,19.557
8/5/1977,16.930
8/6/1977,14.088
8/7/1977,12.790
8/8/1977,11.571
8/9/1977,10.801
8/10/1977,10.064
8/11/1977,9.020
8/12/1977,8.048
8/13/1977,7.146
8/14/1977,6.582
8/15/1977,6.047
8/16/1977,6.310
8/17/1977,6.310
8/18/1977,6.310
8/19/1977,6.047
8/20/1977,5.540
8/21/1977,5.062
8/22/1977,4.833
8/23/1977,4.833
8/24/1977,4.833
8/25/1977,4.833
8/26/1977,4.185
8/27/1977,3.596
8/28/1977,3.235
8/29/1977,3.413
8/30/1977,3.413
8/31/1977,4.395
9/1/1977,4.395
9/2/1977,7.146
9/3/1977,5.790
9/4/1977,4.833
9/5/1977,4.395
9/6/1977,3.786
9/7/1977,3.596
9/8/1977,3.063
9/9/1977,2.583
9/10/1977,2.291
9/11/1977,2.291
9/12/1977,2.291
9/13/1977,2.291
9/14/1977,2.434
9/15/1977,2.291
9/16/1977,2.434
9/17/1977,3.983
9/18/1977,27.885
9/19/1977,25.567
9/20/1977,7.439
9/21/1977,6.860
9/22/1977,6.310
9/23/1977,5.540
9/24/1977,4.395
9/25/1977,4.395
9/26/1977,3.786
9/27/1977,3.235
9/28/1977,2.897
9/29/1977,2.434
9/30/1977,2.291
10/1/1977,2.291
10/2/1977,2.291
10/3/1977,2.291
10/4/1977,2.291
10/5/1977,2.291
10/6/1977,2.291
10/7/1977,2.291
10/8/1977,2.291
10/9/1977,2.022
10/10/1977,1.773
10/11/1977,1.773
10/12/1977,1.773
10/13/1977,1.773
10/14/1977,1.773
10/15/1977,1.773
10/16/1977,1.656
10/17/1977,1.545
10/18/1977,1.545
10/19/1977,1.545
10/20/1977,1.545
10/21/1977,1.545
10/22/1977,1.545
10/23/1977,1.545
10/24/1977,1.545
10/25/1977,1.545
10/26/1977,1.545
10/27/1977,1.545
10/28/1977,1.545
10/29/1977,1.545
10/30/1977,1.545
10/31/1977,1.545
11/1/1977,1.545
11/2/1977,1.545
11/3/1977,1.545
11/4/1977,1.545
11/5/1977,1.545
11/6/1977,1.545
11/7/1977,1.545
11/8/1977,1.545
11/9/1977,1.545
11/10/1977,1.545
11/11/1977,1.545
11/12/1977,1.545
11/13/1977,1.545
11/14/1977,1.336
11/15/1977,1.336
11/16/1977,0.896
11/17/1977,0.896
11/18/1977,0.896
11/19/1977,0.896
11/20/1977,0.750
11/21/1977,0.750
11/22/1977,0.750
11/23/1977,0.750
11/24/1977,0.750
11/25/1977,0.561
11/26/1977,0.561
11/27/1977,0.561
11/28/1977,0.561
11/29/1977,0.281
11/30/1977,0.281
12/1/1977,0.281
12/2/1977,0.281
12/3/1977,0.281
12/4/1977,0.281
12/5/1977,0.281
12/6/1977,0.281
12/7/1977,0.245
12/8/1977,0.245
12/9/1977,0.213
12/10/1977,0.213
12/11/1977,0.213
12/12/1977,0.213
12/13/1977,0.213
12/14/1977,0.213
12/15/1977,0.213
12/16/1977,0.213
12/17/1977,0.213
12/18/1977,0.213
12/19/1977,0.213
12/20/1977,0.213
12/21/1977,2.897
12/22/1977,2.737
12/23/1977,2.022
12/24/1977,1.336
12/25/1977,0.821
12/26/1977,0.561
12/27/1977,0.454
12/28/1977,0.361
12/29/1977,0.245
12/30/1977,0.213
12/31/1977,0.213
1/1/1978,0.000
1/2/1978,0.000
1/3/1978,0.000
1/4/1978,0.000
1/5/1978,0.000
1/6/1978,0.000
1/7/1978,0.000
1/8/1978,0.000
1/9/1978,0.000
1/10/1978,0.000
1/11/1978,0.000
1/12/1978,0.000
1/13/1978,0.000
1/14/1978,0.000
1/15/1978,0.000
1/16/1978,0.000
1/17/1978,0.000
1/18/1978,0.000
1/19/1978,0.000
1/20/1978,0.000
1/21/1978,0.000
1/22/1978,0.000
1/23/1978,0.000
1/24/1978,0.000
1/25/1978,0.000
1/26/1978,0.000
1/27/1978,0.000
1/28/1978,0.000
1/29/1978,0.000
1/30/1978,0.000
1/31/1978,0.000
2/1/1978,0.000
2/2/1978,0.000
2/3/1978,0.000
2/4/1978,0.000
2/5/1978,0.000
2/6/1978,0.000
2/7/1978,0.000
2/8/1978,0.000
2/9/1978,0.000
2/10/1978,0.000
2/11/1978,0.000
2/12/1978,0.000
2/13/1978,0.000
2/14/1978,0.000
2/15/1978,0.000
2/16/1978,0.000
2/17/1978,0.000
2/18/1978,0.000
2/19/1978,0.000
2/20/1978,0.000
2/21/1978,0.000
2/22/1978,0.000
2/23/1978,0.000
2/24/1978,0.000
2/25/1978,0.000
2/26/1978,0.000
2/27/1978,0.000
2/28/1978,0.000
3/1/1978,0.000
3/2/1978,0.000
3/3/1978,0.000
3/4/1978,0.000
3/5/1978,0.000
3/6/1978,0.000
3/7/1978,0.000
3/8/1978,0.000
3/9/1978,0.000
3/10/1978,0.000
3/11/1978,0.000
3/12/1978,0.000
3/13/1978,0.000
3/14/1978,0.000
3/15/1978,0.000
3/16/1978,0.000
3/17/1978,0.000
3/18/1978,0.000
3/19/1978,0.000
3/20/1978,0.000
3/21/1978,0.000
3/22/1978,0.000
3/23/1978,0.000
3/24/1978,0.000
3/25/1978,0.000
3/26/1978,0.000
3/27/1978,0.000
3/28/1978,0.000
3/29/1978,0.000
3/30/1978,0.000
3/31/1978,0.000
4/1/1978,0.000
4/2/1978,0.000
4/3/1978,0.000
4/4/1978,0.000
4/5/1978,0.000
4/6/1978,0.000
4/7/1978,0.000
4/8/1978,0.000
4/9/1978,0.000
4/10/1978,0.000
4/11/1978,0.000
4/12/1978,0.000
4/13/1978,0.000
4/14/1978,0.000
4/15/1978,0.000
4/16/1978,0.000
4/17/1978,0.000
4/18/1978,0.000
4/19/1978,0.000
4/20/1978,0.000
4/21/1978,0.000
4/22/1978,0.000
4/23/1978,0.000
4/24/1978,0.000
4/25/1978,0.000
4/26/1978,0.000
4/27/1978,0.000
4/28/1978,0.000
4/29/1978,0.000
4/30/1978,0.000
5/1/1978,0.000
5/2/1978,0.000
5/3/1978,0.000
5/4/1978,0.000
5/5/1978,0.000
5/6/1978,0.000
5/7/1978,0.000
5/8/1978,0.000
5/9/1978,0.000
5/10/1978,0.000
5/11/1978,0.000
5/12/1978,0.000
5/13/1978,0.000
5/14/1978,0.000
5/15/1978,0.000
5/16/1978,0.000
5/17/1978,0.000
5/18/1978,0.000
5/19/1978,0.000
5/20/1978,0.000
5/21/1978,0.000
5/22/1978,0.000
5/23/1978,0.000
5/24/1978,0.000
5/25/1978,0.000
5/26/1978,0.000
5/27/1978,0.000
5/28/1978,0.000
5/29/1978,0.000
5/30/1978,0.000
5/31/1978,0.000
6/1/1978,0.000
6/2/1978,0.000
6/3/1978,0.000
6/4/1978,0.000
6/5/1978,0.000
6/6/1978,0.000
6/7/1978,0.000
6/8/1978,0.000
6/9/1978,0.000
6/10/1978,0.000
6/11/1978,0.000
6/12/1978,0.000
6/13/1978,0.000
6/14/1978,0.000
6/15/1978,0.000
6/16/1978,0.000
6/17/1978,0.000
6/18/1978,0.000
6/19/1978,0.000
6/20/1978,0.000
6/21/1978,0.000
6/22/1978,0.000
6/23/1978,0.000
6/24/1978,0.000
6/25/1978,0.000
6/26/1978,0.000
6/27/1978,0.000
6/28/1978,0.000
6/29/1978,0.000
6/30/1978,0.000
7/1/1978,0.000
7/2/1978,0.000
7/3/1978,0.000
7/4/1978,0.000
7/5/1978,0.000
7/6/1978,0.000
7/7/1978,0.000
7/8/1978,0.000
7/9/1978,0.000
7/10/1978,0.000
7/11/1978,0.000
7/12/1978,0.000
7/13/1978,0.000
7/14/1978,0.000
7/15/1978,0.000
7/16/1978,0.000
7/17/1978,0.000
7/18/1978,0.000
7/19/1978,0.000
7/20/1978,0.000
7/21/1978,0.000
7/22/1978,0.000
7/23/1978,0.000
7/24/1978,0.000
7/25/1978,0.000
7/26/1978,0.000
7/27/1978,0.000
7/28/1978,0.000
7/29/1978,0.000
7/30/1978,0.000
7/31/1978,0.000
8/1/1978,0.000
8/2/1978,0.000
8/3/1978,0.000
8/4/1978,0.000
8/5/1978,0.000
8/6/1978,0.000
8/7/1978,0.000
8/8/1978,0.000
8/9/1978,0.000
8/10/1978,0.000
8/11/1978,0.000
8/12/1978,0.000
8/13/1978,0.000
8/14/1978,0.000
8/15/1978,0.000
8/16/1978,0.000
8/17/1978,0.000
8/18/1978,0.000
8/19/1978,0.000
8/20/1978,0.000
8/21/1978,0.000
8/22/1978,0.000
8/23/1978,0.000
8/24/1978,0.000
8/25/1978,0.000
8/26/1978,0.000
8/27/1978,0.000
8/28/1978,0.000
8/29/1978,0.000
8/30/1978,0.000
8/31/1978,0.000
9/1/1978,0.000
9/2/1978,0.000
9/3/1978,0.000
9/4/1978,0.000
9/5/1978,0.000
9/6/1978,0.000
9/7/1978,0.000
9/8/1978,0.000
9/9/1978,0.000
9/10/1978,0.000
9/11/1978,0.000
9/12/1978,0.000
9/13/1978,0.000
9/14/1978,0.000
9/15/1978,0.000
9/16/1978,0.000
9/17/1978,0.000
9/18/1978,0.000
9/19/1978,0.000
9/20/1978,0.000
9/21/1978,0.000
9/22/1978,0.000
9/23/1978,0.000
9/24/1978,0.000
9/25/1978,0.000
9/26/1978,0.000
9/27/1978,0.000
9/28/1978,0.000
9/29/1978,0.000
9/30/1978,0.000
10/1/1978,0.000
10/2/1978,0.000
10/3/1978,0.000
10/4/1978,0.000
10/5/1978,0.000
10/6/1978,0.000
10/7/1978,0.000
10/8/1978,0.000
10/9/1978,0.000
10/10/1978,0.000
10/11/1978,0.000
10/12/1978,0.000
10/13/1978,0.000
10/14/1978,0.000
10/15/1978,0.000
10/16/1978,0.000
10/17/1978,0.000
10/18/1978,0.000
10/19/1978,0.000
10/20/1978,0.000
10/21/1978,0.000
10/22/1978,0.000
10/23/1978,0.000
10/24/1978,0.000
10/25/1978,0.000
10/26/1978,0.000
10/27/1978,0.000
10/28/1978,0.000
10/29/1978,0.000
10/30/1978,0.000
10/31/1978,0.000
11/1/1978,0.000
11/2/1978,0.000
11/3/1978,0.000
11/4/1978,0.000
11/5/1978,0.000
11/6/1978,0.000
11/7/1978,0.000
11/8/1978,0.000
11/9/1978,0.000
11/10/1978,0.000
11/11/1978,0.000
11/12/1978,0.000
11/13/1978,0.000
11/14/1978,0.000
11/15/1978,0.000
11/16/1978,0.000
11/17/1978,0.000
11/18/1978,0.000
11/19/1978,0.000
11/20/1978,0.000
11/21/1978,0.000
11/22/1978,0.000
11/23/1978,0.000
11/24/1978,0.000
11/25/1978,0.000
11/26/1978,0.000
11/27/1978,0.000
11/28/1978,0.000
11/29/1978,0.000
11/30/1978,0.000
12/1/1978,0.000
12/2/1978,0.000
12/3/1978,0.000
12/4/1978,0.000
12/5/1978,0.000
12/6/1978,0.000
12/7/1978,0.000
12/8/1978,0.000
12/9/1978,0.000
12/10/1978,0.000
12/11/1978,0.000
12/12/1978,0.000
12/13/1978,0.000
12/14/1978,0.000
12/15/1978,0.000
12/16/1978,0.000
12/17/1978,0.000
12/18/1978,0.000
12/19/1978,0.000
12/20/1978,0.000
12/21/1978,0.000
12/22/1978,0.000
12/23/1978,0.000
12/24/1978,0.000
12/25/1978,0.000
12/26/1978,0.000
12/27/1978,0.000
12/28/1978,0.000
12/29/1978,0.000
12/30/1978,0.000
12/31/1978,0.000
